participant,duration,energy,power,min_pitch,max_pitch,mean_pitch,pitch_sd,pitch_abs,pitch_quant,pitchUvsVRatio,Time:8,iDifference,diffPitchMaxMin,diffPitchMaxMean,diffPitchMaxMode,intensityMin,intensityMax,intensityMean,intensitySD,intensityQuant,diffIntMaxMin,diffIntMaxMean,diffIntMaxMode,avgVal1,avgVal2,avgBand1,avgBand2,fmean1,fmean2,fmean3,f2meanf1,f3meanf1,f1STD,f2STD,f3STD,f2STDf1,f2STDf2,jitter,shimmer,jitterRap,meanPeriod,percentUnvoiced,numVoiceBreaks,PercentBreaks,speakRate,numPause,maxDurPause,avgDurPause,TotDurPause:3,iInterval,MaxRising:3,MaxFalling:3,AvgTotRis:3,AvgTotFall:3,numRising,numFall,loudness
P1,34.186795833333335,0.011509758277935881,0.0003327213246468,78.06429425583478,340.5164536423034,129.3076388350037,25.242104125741548,176.17638307015608,121.94302567699636,0.9519038102608969,34.160272918,49.30586623377057,262.4521593864687,211.20881480729972,218.57342796530708,36.418034415003014,72.71934585251302,59.15763921151256,8.449370242798187,53.734580354034144,36.301311437510016,13.561706641000459,18.984765498478883,654.8917530657976,1823.9910163260247,418.1634385813515,474.386856457661,654.891753065798,1823.9910163260254,2752.0478502174965,2.7912077861749047,4.210417669306731,304.5650817165968,397.7968767269523,393.30887108566066,1.3103354156265865,1.3000459513310518,0.02335399999999998,0.176002,0.012587999999999998,0.007757053999999999,0.422898,86.4,0.43293799999999993,0.0007474804032581601,35.0,2.3125333333333336,0.5312,17.998399999999997,87.8,211.46660000000003,186.2474,20.418599999999998,13.812000000000001,59.2,2885.361923995485,
P10,77.3786125,0.03211807084174162,0.00040380355788366,74.78777188547413,345.93534705346167,112.955695522739,25.915805600889776,166.26580377779337,106.68148256055497,0.8252422685554521,77.35180625000001,19.723066308546485,271.14757516798755,232.97965153072263,239.25386449290667,35.44603137925848,72.98379723024206,59.93111149612393,9.678953175086223,53.240646145080724,37.53776585098358,13.05268573411812,19.743151085161344,678.7125655226885,1845.3708433757638,463.8295562587229,607.8954103594639,678.7125655226885,1845.370843375766,2843.7097564251653,2.7241877913286183,4.2008248380923945,371.30998985494455,452.8145423393701,420.96853750531244,1.2215820149250551,1.1347188202485308,0.017720000000000003,0.16199399999999997,0.009056,0.0088940876,0.40653799999999995,149.4,0.411714,0.00029374409335138,58.0,2.5024,0.7232000000000001,39.8548,159.8,231.79720000000003,222.045,23.4998,17.217599999999997,114.4,4560.598782002586,
P11,50.43133333333333,0.00722040286333836,0.0001339143313954427,73.60558674659117,384.00452415846496,186.5244016977725,35.91164812112192,226.35357924562612,183.79201139425086,0.6286105110280548,50.405666667999995,83.85467949649454,310.3989374118738,197.48012246069243,200.21251276421407,34.93970798976081,68.13124839164718,55.142723734217235,7.188653823371256,51.75748354678541,33.19154040188637,12.988524657429949,16.373764844861775,659.6056179012361,1837.2630323839996,391.7697730376087,537.2897422920622,659.6056179012363,1837.2630323839996,2867.6943801631596,2.7858673230801925,4.348037239395291,281.8184366608859,394.67393249354944,380.67438633644736,1.4005470585902982,1.3520271220559679,0.017442,0.16082399999999997,0.009364,0.0053551622,0.333298,120.8,0.36711599999999994,0.00035970447850208,47.4,2.998189583333334,0.5326,25.752999999999997,127.8,176.2874,203.07139999999998,24.309800000000003,15.5036,84.4,4359.2235729705335,
P12,35.91044166666667,0.00800521601620902,0.00020499556971616002,73.70641425597859,326.3463987352232,181.00669273155577,40.49445758413659,266.1102112890755,184.08150094119136,0.8043795260303517,35.884595832,63.350111611032744,252.6399844792446,145.33970600366743,142.2648977940318,33.17267843038159,72.56256395359358,56.99071696773062,7.800502317974187,51.46203482554449,39.389885523212,15.57184698586297,21.100529128049093,657.286596814755,1752.0444631995044,464.18314451044387,573.3844162788162,657.2865968147552,1752.0444631995047,2818.2170753437713,2.6666300767771056,4.288330084364352,349.31279128350445,423.43577838336734,448.213032866352,1.21785199438293,1.2857561841794225,0.018571999999999998,0.153002,0.009678,0.00551237,0.385336,92.2,0.39749799999999996,0.0005732578785535601,24.0,4.592918749999998,0.9795999999999999,24.3694,94.8,152.8112,148.5378,25.607,27.037200000000002,53.4,4160.100665032834,
P13,51.04985833333333,0.0016175233972239,2.9278237474844768e-05,75.1415981321392,332.370097186444,181.15610482217448,41.081781265296385,249.15493776489816,189.41658666431826,1.1124068189221454,51.023054168,55.825700432130645,257.22849905430473,151.2139923642695,142.95351052212573,31.83158483994161,61.57682010646236,48.55454273135889,6.242897634283118,44.608056676531206,29.745235266520744,13.022277375103467,16.96876342993115,621.261380757141,1898.7575569805497,492.083382148208,678.4766697891343,621.2613807571408,1898.7575569805485,2939.5740630759033,3.058960400688157,4.735106903558076,360.28972226303654,380.02427274013183,410.5944952175034,1.0593682197723504,1.143551162681473,0.022278,0.171692,0.01197199999999996,0.0055028154,0.448168,113.8,0.49184,0.00048661353443413995,37.0,2.6508249999999998,0.6952,25.077199999999998,118.6,186.6008,166.8634,31.682,19.6138,77.4,420.37142429335773,
P14,42.79725833333333,0.01151358937708422,0.00026275992845912,75.49096866304676,384.9558911315672,192.32651723862142,44.02081903828192,241.956463138223,187.60417736344365,0.970134279482522,42.771129168,163.8481860175521,309.4649224685205,192.6293738929458,197.3517137681236,34.666896164718445,73.45942180390799,57.75763669916379,7.782636542903466,52.655151963788306,38.79252563918955,15.7017851047442,20.804269840119684,690.1054327761846,1970.312359913405,481.94276440973,616.7041837259162,690.1054327761847,1970.312359913404,3011.0756779297526,2.857501984307149,4.367879527753263,369.4052550521045,396.0838908267252,395.06857777086935,1.075142257478128,1.0701030377518586,0.021052,0.154732,0.01108,0.0052009362,0.4194159999999999,102.2,0.456476,0.0005776558354899,39.6,2.1217208333333337,0.623,24.878,105.8,229.6732,199.878,26.1658,20.5398,62.2,4380.94512511265,
P15,85.9143,0.011883792791501941,0.00013617602899216,69.31472114130614,403.3664343028728,170.82746014251168,42.59668721306093,230.651946027565,169.3193641111787,0.9976576840810711,85.887775,68.16973780866626,334.0517131615666,232.53897416036108,234.04707019169405,33.79690980935211,70.18254541648209,55.255877513401344,7.7838485061078115,50.91195079295831,36.38563560712998,14.926667903080737,19.270594623523785,642.3252926319235,1829.308624192785,428.08280396096177,534.6619467748459,642.3252926319236,1829.3086241927845,2844.8405480704046,2.8490903105169894,4.430299400606106,329.2107801832069,394.80035622895946,376.51454956720914,1.2014798732098417,1.1437170565288879,0.02033599999999998,0.16069,0.010724000000000001,0.0058537138,0.429338,206.4,0.4918620000000001,0.00024047173722158,75.8,2.5813333333333306,0.595,44.528000000000006,215.6,252.04059999999998,253.3656,27.481600000000004,22.3756,118.4,9738.42317178959,
P16,93.3723,0.01374380346014702,0.0001405113210916524,79.78842206245392,391.11859872843445,218.64393563602925,39.54113940702192,215.05796814709055,210.66031286053402,1.0942101892433211,93.345525,70.54246865566815,311.3301766659805,172.47466309240522,180.45828586790043,33.25027552147986,71.60060543235065,55.209730729170396,7.825686196563825,50.38928025433843,38.350329910870784,16.39087470318024,21.21132517801221,663.4149723048212,1890.8996602091909,468.1042207287819,571.1405141000793,663.4149723048218,1890.8996602091895,2978.3438612261657,2.8544364899677137,4.495487265547384,328.8663971436496,393.55588030796423,356.4382280404919,1.1991680854407574,1.0855228779094452,0.01971399999999996,0.16197599999999998,0.010539999999999999,0.0045730712,0.470322,213.0,0.493382,0.00028423368242454,78.2,3.9744000000000015,0.6692,52.1648,225.0,237.56900000000002,228.40859999999998,25.1488,16.8984,148.2,7699.235905547156,
P17,48.09298333333333,0.00482033529203226,8.477996220626486e-05,78.35446008966105,379.79867593436586,185.05851730434568,68.88499517975735,229.9713231850197,184.69863116963597,2.381469218036075,48.065866668,32.30781863208236,301.44421584470484,194.74015863002018,195.10004476472992,32.987583781848834,69.46120354293836,51.628605021650436,6.87348325209111,44.13341065082966,36.47361976108954,17.83259852128793,25.327792892108707,698.5159142693078,1887.4017186176093,602.2895966035619,712.3782441288424,698.5159142693084,1887.4017186176116,3018.5272856221522,2.7076084745557387,4.335775683103567,372.5947516498175,417.10323540727603,392.3197600627856,1.13098683984792,1.0605456650907434,0.020207999999999997,0.16539399999999999,0.010981999999999981,0.0054974446,0.6258239999999999,91.2,0.5937680000000001,0.00076224204507,25.2,7.828566666666669,1.3219999999999998,32.1306,96.8,214.9776,198.267,33.3442,30.9428,54.2,3752.889458382038,
P20,41.0785125,0.0018881299018781602,4.349469920493034e-05,78.49118298738895,380.42371664152313,200.199613174693,56.06703107693916,289.83425309381016,209.38191005204743,1.0676007099267522,41.05175625,63.461872305263206,301.9325336541342,180.22410346683017,171.0418065894757,33.420524704133605,63.18298111012389,50.178805318992914,6.525551063104965,45.91164127005287,29.762456405990275,13.004175791130962,17.271339840071,678.7259946058473,1877.672580185535,560.7708745477433,743.366741995313,678.7259946058473,1877.672580185536,2973.0819847101434,2.7673193326131953,4.3831692207481545,378.50244939434015,410.5257605385494,411.84143691262545,1.087994865436922,1.0897958750920487,0.029518,0.164628,0.016206,0.0049930894,0.454452,85.2,0.507674,0.00056831095890492,31.8,3.857066666666667,0.6452,21.357999999999997,87.0,163.6164,199.0892,31.587,31.1396,50.0,2234.014316980186,
P21,100.3475375,0.0134427851379092,0.00014248109445174,74.20745505958669,404.65139465610645,201.69863552387838,38.21274570186171,216.58279126722263,194.22053341109014,0.8038950424389337,100.32126875,31.577548151991316,330.4439395965197,202.9527591322281,210.43086124501625,33.69220955687127,70.70461218359449,55.31076605594377,7.558334366572287,50.92034997925872,37.012402626723215,15.39384612765071,19.784262204335768,681.577969331561,1861.9535370664053,453.6670844060727,575.4338301737284,681.5779693315612,1861.953537066404,2967.759813012717,2.7356533391678957,4.361146164654167,324.49237934431346,448.6920026533638,377.1266199578409,1.3891394497216916,1.1643223451759508,0.01769,0.148858,0.009340000000000001,0.0049635002,0.387122,190.4,0.414768,0.00020163110464787998,78.0,5.489066666666666,0.6688,54.702,197.4,213.2706,260.0356,24.7214,17.6904,122.0,7559.389443777525,
P22,76.10620416666667,0.004604858056285061,5.5794761830793845e-05,68.70180000175563,386.20180140504624,162.45591370012272,57.80723072878145,337.52000267472556,169.4789378330022,1.2333061537954415,76.07997708399999,118.98721705701341,317.5000014032906,223.74588770492346,216.72286357204402,33.79567039252593,66.45772830775702,50.9969226992789,6.379544839061834,47.1764067197807,32.6620579152311,15.460805608478125,19.28132158797633,652.8556199777777,1807.296222878748,531.3293279174275,671.8888127389736,652.8556199777779,1807.296222878748,2893.568813130518,2.7703567278830246,4.4366118816698705,331.06927730278574,413.0819165503832,436.4302682901074,1.2549720722184219,1.3243482873881747,0.030678,0.182594,0.016308,0.0061767820000000005,0.47118000000000004,219.4,0.515974,0.00039407053880746,67.8,2.956800000000004,0.62,40.0434,235.4,205.198,206.0806,34.086200000000005,29.2044,135.0,9532.156199299567,
P24,66.58061666666667,0.01787840896333216,0.00024934842558122004,76.73106720269811,413.36399743692664,215.89805273257048,48.09414478011006,275.48850055692236,206.11616313345476,0.6296562867097755,66.554058334,81.65546081298353,336.63293023422847,197.4659447043562,207.24783430347188,34.59066630911695,71.26972792547834,57.687218453692665,8.46700844694407,53.652782033915415,36.67906161636139,13.58250947178567,17.616945891562914,642.7226591353024,1817.5910738266932,380.27110855470056,636.9708986222407,642.7226591353024,1817.5910738266932,2901.177498470315,2.828322830856327,4.514674757467811,281.42681641469136,411.638323458384,366.0195899641298,1.4676474379881557,1.3017369014062812,0.020216,0.15878799999999998,0.010491999999999979,0.0046342738,0.349862,135.4,0.36617999999999995,0.00029030655325112,53.6,2.645333333333334,0.6148,32.3968,144.2,231.5184,231.3074,29.5998,16.9604,102.6,4181.310523705348,
P25,71.37288333333333,0.014639689340104758,0.00018284428343194,72.27410907680428,394.52933449895335,191.86224877381693,65.69211473748277,454.48504628088574,207.8904280423971,1.499362233533819,71.345816664,34.96173060886984,322.25522542214907,202.66708572513645,186.6389064565562,36.19706301700096,73.01191800263541,56.38358765941102,7.119298197178061,52.173413909966975,36.81485498563444,16.628330343224388,20.838504092668433,674.3981964571773,1817.5339102232992,385.63404751776056,527.210114603148,674.3981964571772,1817.5339102232974,2857.0527481337663,2.6964914487175693,4.238948926457614,296.88251449299196,396.69289902003385,380.9567330179178,1.3367405239346664,1.28349318788559,0.034568,0.190136,0.018186,0.0051908142,0.478048,233.8,0.5849759999999999,0.00049978970615754,69.8,2.0288000000000004,0.5456000000000001,40.3694,251.4,240.3904,234.18359999999998,43.5718,39.400999999999996,131.8,11981.577245994917,
P27,32.87705833333333,0.00227001346533454,6.798848883460581e-05,70.70858010298984,351.8294717995383,176.7076803884611,36.1107376427765,221.15889041086848,172.26417223293797,1.0448191459292042,32.851029166000004,86.23628800514595,281.1208916965485,175.1217914110772,179.56529956660034,35.66101946731572,65.5465698037154,52.28686562774031,6.173407211643438,49.02583048544557,29.885550336399678,13.259704175975083,16.520739318269825,621.8884940183553,1863.5705787723207,446.1746045065159,576.5773911124822,621.8884940183559,1863.5705787723218,2816.5978394156255,2.9969678193278075,4.530199326767674,293.3464129193437,348.435515686078,387.1285512256076,1.1888140405430805,1.3196572855405424,0.020314,0.181376,0.010796,0.0056499632,0.450866,82.6,0.48278600000000005,0.00064677429712706,28.8,1.5445333333333324,0.51,14.4934,88.2,193.92980000000003,180.3898,25.5734,16.0364,57.0,3133.910265116809,
P29,42.048920833333334,0.00326601310423376,7.096073374649742e-05,65.91978958958371,362.653943686826,179.3359773215399,41.68962061709887,212.92039221115587,173.0136794481324,1.0572064180315526,42.022585418,96.11623943152462,296.73415409724225,183.31796636528608,189.6402642386936,34.93226931432706,67.41283554011116,52.18425943881012,5.852558036067409,48.381606534802984,32.48056622578411,15.228576101301039,19.03122900530818,615.563927992651,1822.2390571229578,424.79284933331417,679.3826791985408,615.5639279926507,1822.2390571229575,2827.3216439774847,2.9613591725158095,4.594804174745734,302.78093729697673,402.55488672356654,396.2476140030965,1.330068434512563,1.3095484652761384,0.02163599999999998,0.18061,0.01172599999999998,0.0055879602,0.459598,107.8,0.47697599999999996,0.0005491310136594,36.2,2.269433333333334,0.5912,21.605,112.0,185.66379999999998,176.3678,22.599200000000003,17.7194,65.8,4634.054815655929,
P3,89.16504166666667,0.03021829605831682,0.00033183933446644,70.53618530853058,400.4080604435453,128.74744235004144,64.52899574947881,298.94775611641654,97.57020787854364,2.179182291453251,89.138770834,43.504058276204866,329.8718751350147,271.66061809350384,302.83785256500164,34.55527729961528,75.39559627880793,59.15528963654324,8.351788394369112,53.411739513768396,40.84031897919266,16.24030664226469,21.98385676503954,692.5014544916895,1862.2141576556558,491.1157329567379,639.3091073897916,692.5014544916895,1862.214157655655,2957.600726742893,2.6973404222924486,4.285150871877157,351.3556241690386,464.21473070518493,426.5323623570265,1.3237146948083818,1.2165244863231632,0.038122,0.201378,0.0201,0.0078903986,0.5646340000000001,243.6,0.6767380000000001,0.00038407283876996,78.0,4.339200000000001,0.7577999999999999,58.6416,258.4,303.033,292.7502,38.626400000000004,36.2622,135.8,12286.259427006144,
P30,29.29017083333333,0.0017324656954015403,6.521915719933187e-05,77.60615658356855,356.19783397203537,182.5665943784314,62.716814364095285,221.8293978077294,170.3181483530306,3.8286757398798725,29.263835414,23.611727010037924,278.5916773884668,173.63123959360396,185.87968561900476,35.10880758096495,69.230737095376,50.99256416933608,5.2236462717926955,44.295828461235125,34.12192951441105,18.238172926039923,24.93490863414088,719.4994143175497,1987.5528472719477,618.149461058249,766.5742360461534,719.4994143175487,1987.5528472719475,3026.1645466503655,2.767027815756818,4.212542622754422,365.7045350831986,372.793732461162,389.11215577162665,1.0317336057728028,1.069821496020357,0.043662,0.206382,0.023796,0.0058868656,0.683648,58.2,0.599596,0.00189428945228366,14.4,4.231812499999998,1.2078,19.1496,61.4,189.07319999999999,187.1966,25.8416,24.64,33.4,1607.054182430164,
P31,74.38119583333334,0.01602514837843866,0.00020060003974088,75.68511187146342,386.61385136656133,224.5448183938027,39.0970979740484,273.8636132677557,220.05648720923372,0.8157072332558524,74.353722916,71.7269165066066,310.92873949509794,162.06903297275863,166.55736415732758,35.30015200033911,72.82204269122396,56.856410289668794,7.9022591344727475,51.83790070877276,37.52189069088485,15.96563240155516,20.9841419824512,665.688432039093,1944.891577201047,461.76900674479987,572.2692254216603,665.688432039092,1944.8915772010448,2962.7877739661403,2.9273080128919604,4.458063309671287,319.23605124718324,391.85593238507374,377.5729772381571,1.2285516306531155,1.184826408558123,0.02429,0.163484,0.01288199999999998,0.0044519756,0.41081199999999995,159.6,0.43148,0.00027802529656470004,56.0,3.385600000000001,0.7976,42.1676,171.4,204.639,205.36639999999997,30.4964,17.977800000000002,114.8,5678.791626170634,
P32,67.24192916666667,0.02391979513037946,0.00033270758108471996,78.08828833849955,395.28624604224484,221.26190708322412,47.40313074288601,301.236240035612,218.616120969689,0.6660265197072928,67.215339584,38.645103809881036,317.1979577037453,174.02433895902072,176.67012507255578,35.488883480675234,74.70912036844715,58.8525291837408,7.763584691828369,53.55630214591641,39.22023688777191,15.85659118470635,21.152818222530737,648.6848584275965,1906.62873273529,367.4656465447939,525.4325724101361,648.6848584275965,1906.62873273529,2938.536687024721,2.939405271903155,4.530650818414483,298.4405512617625,389.5391406509714,361.80703855563354,1.3052413084922854,1.2129409479560511,0.02001,0.15358199999999997,0.010530000000000001,0.0045231585999999996,0.349036,151.4,0.377172,0.00040721001784588,57.6,2.5472000000000015,0.7178,40.8548,161.8,219.6986,219.82780000000002,32.283,22.7966,104.8,5724.842579230655,
P33,56.92312916666667,0.021261202808106637,0.00041107025686304004,72.93508822256292,389.9919915199591,179.34883243151816,46.31295630727122,264.94234926569277,165.57442956239532,1.4441189996208021,56.896564581999996,88.06370488441641,317.05690329739616,210.6431590884409,224.41756195756375,34.95126051896978,76.32735459059401,59.279161763770844,7.632957683625198,53.2114638772704,41.37609407162423,17.048192826823172,23.11589071332361,607.8008361046493,1790.1552762231058,377.8265766977405,478.79841200281635,607.8008361046482,1790.1552762231036,2824.4660912051686,2.9455336372647656,4.6477581174098415,338.40656067563,405.14830060548206,400.9097329715609,1.2031042647074681,1.188023438981079,0.02586399999999996,0.17924199999999998,0.013524,0.0056075358,0.482902,143.6,0.560234,0.00046317157115212,46.4,4.40884375,1.0108000000000001,36.394,157.4,227.88540000000003,209.9192,29.1436,22.5246,88.8,6886.583725557884,
P34,75.58083333333333,0.00396971281962852,5.4343146897579304e-05,66.63712576018932,353.7849484797109,185.14064939431222,48.99706644455139,251.76237020436392,172.96748038202867,1.2656677433410632,75.554166668,49.35469268600487,287.14782271952157,168.64429908539867,180.81746809768225,35.238582015588456,69.89952685876187,51.28632914691049,5.771000441498503,46.80029836930869,34.660944843173425,18.61319771185139,23.09922848945319,649.2323157245414,1853.205711964521,498.5496335509521,651.2860387656985,649.2323157245418,1853.2057119645208,2855.043248679821,2.855566510067996,4.400128663179947,333.9405900233249,397.5567459218447,381.0382263199822,1.193572063008601,1.1428789360211595,0.022106,0.18307199999999998,0.011871999999999999,0.005407858,0.488802,191.4,0.528068,0.00034240809436649996,66.2,3.2490666666666663,0.7162,45.181799999999996,213.0,198.8974,194.5104,23.4072,23.5842,116.8,9632.744390779088,
P35,42.190804166666666,0.0070171928721926,0.00013552551535018524,75.99486160551298,397.7639484705889,196.33320117206023,53.82902930576112,257.0797910095328,201.4823176918497,1.4176914999515018,42.164777084,105.62708034717153,321.76908686507596,201.43074729852873,196.28163077873924,35.36771794495599,65.81424168195187,52.85242104883635,6.271326522965003,48.29727518147803,30.44652373699588,12.961820633115519,17.516966500473842,648.3454995327636,1894.3291310093432,467.1074105366176,621.1714226523724,648.3454995327631,1894.3291310093434,2919.3003087495695,2.923751520084518,4.5051365281942255,327.2681820163258,392.4127915397085,399.11689012540495,1.199641191535639,1.2201876819763124,0.021248,0.17532599999999998,0.011566,0.0051004554,0.515256,98.0,0.546374,0.0006125632990577801,26.4,5.326933333333335,1.3244,23.4762,105.8,204.3902,256.3092,29.244799999999998,29.1692,58.0,4796.163133444089,
P37,45.546170833333335,0.0108095150509674,0.00022524080927960002,74.45650212614706,375.15566445603633,187.74205770083455,50.07200182261833,280.70540938298876,189.38922647490037,1.1919035813131973,45.519335418,129.2572838053864,300.6991623298893,187.4136067552018,185.766437981136,34.27824216289806,74.93753633276448,57.38973023453766,8.026435503460098,51.995072910798875,40.65929416986641,17.547806098226822,22.942463421965606,637.005048182909,1866.9647957895954,469.8569220245249,521.0639998220746,637.0050481829096,1866.9647957895963,2994.088392263859,2.9314251952561667,4.701914349084624,349.7294485250244,384.9534484523068,377.61464841881093,1.101036038944492,1.0795923071752895,0.023488,0.16326599999999997,0.01244599999999998,0.0053433044,0.471908,108.8,0.511542,0.00058236654052224,33.6,4.213333333333331,0.8805999999999999,28.9022,117.2,198.4468,231.949,34.193599999999996,27.239800000000002,67.4,5003.170228619023,
P4,47.795525,0.00620211024196852,0.00012222729538418682,74.84717964775683,359.1970917679099,137.31214901260736,43.98529624376249,272.75135881962024,121.71884066186549,1.3306676116647265,47.7683875,61.4755557536756,284.34991212015314,221.88494275530257,237.47825110604444,35.487403119353054,68.4324909860882,54.553074760836395,7.370693788200084,49.95342916960909,32.94508786673515,13.879416225251807,18.479061816479117,685.2723355944158,1826.7931977869084,451.57762821517855,614.055633307162,685.2723355944161,1826.7931977869084,2893.703908322945,2.6665827205890915,4.225460202571496,323.63592592240775,418.04923036689325,389.7762594861977,1.293947945300852,1.2072896800228672,0.024984,0.18387199999999998,0.013001999999999962,0.0073503312,0.48326,141.8,0.535536,0.00067455632923518,44.8,2.8437333333333332,0.5394,24.2666,147.2,236.9652,237.773,31.915399999999998,25.8936,91.6,5577.51279828157,
P42,74.6728375,0.026889770500757682,0.0003575286575963,72.67332026635758,362.91303149962863,100.45269976103006,29.47815818632239,158.68953090188637,93.78696087740353,1.0897828627379291,74.64579375,19.78711737637656,290.2397112332711,262.4603317385986,269.1260706222251,36.06394408098724,73.33304802392782,59.26163079411011,8.811594896339887,53.77573255641711,37.26910394294058,14.071417229817706,19.557315467510705,648.1843523491067,1789.5499700052376,424.57630834507273,534.0062526318492,648.1843523491075,1789.5499700052374,2853.3537773343605,2.7640775127096116,4.407265642725985,388.0937953650899,434.1898956565472,453.9276963688675,1.1213672333536775,1.1721124499915907,0.02495599999999998,0.18305,0.01332599999999998,0.0100237406,0.466836,171.2,0.50701,0.00033900239284198,58.2,5.292800000000001,0.7224,42.3844,177.0,261.5408,253.629,20.743000000000002,18.8066,102.4,7483.933551332368,
P43,37.270875000000004,0.00837135167164568,0.00022470944873803996,71.02098632008492,375.30634216744943,100.08521593460601,41.98265171093537,263.375934240625,87.47002701718762,0.9986391738094594,37.2448125,39.34177333147622,304.2853558473645,275.2211262328434,287.83631515026184,37.173523497773864,70.17297994666168,57.49074369846626,7.2505073870591845,53.1287451060541,32.999456448887834,12.682236248195434,17.0442348406076,655.5376960537736,1768.9908873215695,414.04548687261024,510.4574785577408,655.537696053774,1768.9908873215704,2749.8898801503733,2.6997607956268577,4.197843087386403,365.82049763419866,435.18467716038595,485.0283425074975,1.19361851582262,1.3294564378341693,0.02873399999999996,0.18403399999999998,0.015056,0.0100761522,0.40415599999999996,111.4,0.47009999999999996,0.00055398999172092,37.4,2.197333333333335,0.5296000000000001,19.8654,114.8,279.133,260.44079999999997,30.768,28.1056,61.4,5361.366988675026,
P44,73.2300625,0.00340778795137298,4.414684116094075e-05,69.4505427277351,382.11545910908035,181.52060301760395,93.03600547124982,245.075132475183,174.84045458756478,5.398855833156473,73.203156248,79.91886938988758,312.6649163813453,200.59485609147643,207.27500452151563,35.70700214614085,65.64975823948717,50.31573570452991,5.495623045578732,46.316718086252855,29.942756093346325,15.334022534957267,19.333040153234325,726.3165558422313,1956.4658579624345,565.0226870028989,706.6058791098776,726.3165558422304,1956.4658579624315,2992.5937333052234,2.6946407146518085,4.122010685494015,433.5481638600213,396.8301903707269,481.2935467550963,0.915750703965778,1.1101440375908993,0.05800799999999998,0.219936,0.030824,0.0056720022,0.711756,144.6,0.8149599999999999,0.00109870585690492,55.2,3.669333333333333,0.767,42.085,157.6,270.3876,265.4614,44.7624,43.111200000000004,77.6,5994.296358344209,
P45,56.704075,0.03399787397726902,0.00060201389521046,76.16684141378171,370.7025804584829,120.74806924139857,36.48898265829537,241.27429130230635,110.52465042938971,0.7057916333027872,56.677662498000004,92.43002768599258,294.53573904470113,249.9545112170843,260.1779300290931,36.3040128209946,77.03451261209293,61.74485992015349,8.571255837842951,57.92550361098466,40.73049979109834,15.289652691939443,19.10900900110827,609.7216437408381,1801.0640858988802,388.71628545415103,508.3039374830005,609.7216437408395,1801.0640858988809,2804.0726890167293,2.9569829059815236,4.6036182531994605,365.74518090530216,411.8748018362032,420.67918633984846,1.1280022454662664,1.1545913284632385,0.022609999999999998,0.180618,0.01172799999999998,0.0083332818,0.355382,157.6,0.41061,0.00034333317783448,56.8,1.501866666666666,0.5012,28.468799999999998,160.2,244.6598,236.6888,27.1526,20.7496,95.4,6510.323341788693,
P47,33.2995,0.0035428280716974805,8.700639657054104e-05,71.47946566293261,344.05958435121073,127.22323361310532,38.80733601829988,187.3369905845531,111.93052011272371,1.7781264175649596,33.272875,63.79250251546771,272.5801186882781,216.8363507381054,232.12906423848705,35.38748689099628,67.85640409681301,52.532438981637654,6.440413686933975,46.197680360460836,32.46891720581672,15.32396511517535,21.65872373635217,777.7297763471597,1896.1029098160088,624.3961074896522,669.9299323279065,777.72977634716,1896.1029098160084,2981.2331803841926,2.4441270321570725,3.84318923557541,452.77888402040054,488.70830901711054,510.7059938326067,1.0799414753155108,1.1284185409770686,0.02163399999999998,0.180424,0.011396,0.0079243786,0.540008,74.0,0.607734,0.0009021604899240001,20.6,3.8528,1.0706,20.852800000000002,78.0,206.4264,210.9844,25.3542,21.3874,48.4,2973.825717493649,
P48,51.2199125,0.004190877659946681,7.087624298490337e-05,73.45979243362487,360.27940823725106,120.8208166071731,57.13510785830819,232.04588850469992,96.35297383575318,2.929426268028151,51.19308125,89.22610469117134,286.81961580362616,239.45859163007793,263.9264344014979,35.99593574869402,67.71077409555475,52.11869751593972,6.373132162730654,46.4808411314577,31.714838346860727,15.59207657961503,21.229932964097053,743.7324202093073,1885.98060910732,602.2359093522252,655.1247581699123,743.7324202093075,1885.9806091073194,2928.4713483959595,2.5449695324568857,3.952373239937015,435.69823157376834,442.63948576242535,521.9482359771796,1.0189046063511813,1.201516440840513,0.035106000000000005,0.20501199999999997,0.018956,0.008449788,0.6188819999999999,135.0,0.691978,0.00126406522724942,40.2,3.0613333333333332,0.7527999999999999,30.275,137.0,248.54000000000002,231.708,34.0382,30.2568,74.0,6312.434337047047,
P49,117.05177083333334,0.06311184996953811,0.00047492300634187996,73.15194112485163,340.7679538541969,120.89442812806006,26.151514119443824,130.426144518052,113.73930373026887,0.9333213641269593,117.025260416,36.86503632191104,267.61601272934524,219.87352572613682,227.028650123928,34.65707900469093,76.2302468936117,60.39469596955106,9.730531126759143,54.47810675958939,41.57316788892077,15.835550924060646,21.75214013402232,660.1891239813554,1821.7239657969797,457.8958368434704,588.9732133757061,660.1891239813561,1821.7239657969797,2825.99139813268,2.7636850545580165,4.28632932038426,391.5510648278928,429.47911962988775,453.3244542639919,1.0972589076315746,1.1581897302087032,0.016634,0.16049,0.008506,0.0083114366,0.446668,215.6,0.46624999999999994,0.00019129488246421715,84.6,5.2511458333333305,0.8852,70.8782,221.8,233.20120000000003,223.5772,18.901400000000002,12.8298,147.6,7445.838336568811,
P5,30.842616666666665,0.0023517022038771,7.063682778593537e-05,79.26612910601506,311.06087639167924,122.56090286130424,28.550342651539943,162.8990761497339,114.62742534118266,1.326375178026658,30.815683334,27.88531834589197,231.7947472856642,188.49997353037503,196.4334510504966,36.11145610970418,65.6551702552202,52.17472586025034,6.146443085234937,48.669892745266814,29.543714145516013,13.480444394969856,16.985277509953377,735.773039892599,1915.4226602649946,484.7928676693449,750.9732839297727,735.7730398925995,1915.4226602649956,2944.535217729542,2.603860852970702,4.003612175538006,368.0583616230853,477.4233953186652,398.7017668090651,1.2989578247429876,1.083858733351615,0.024944,0.19115,0.01357399999999998,0.0082009698,0.501746,74.6,0.511162,0.0008181588477391401,25.8,1.6170666666666673,0.5976,15.2246,77.0,175.7884,178.975,19.7052,16.4944,49.0,2814.61797765023,
P50,70.03464583333333,0.0055589929101522596,7.944775776265135e-05,73.68121369963086,369.6135914232504,104.13503025876048,53.9530364763951,239.50003576187856,85.92643530579159,2.1177821010267435,70.007947916,83.80428952982929,295.93237772361954,265.4785611644899,283.6871561174588,35.58099146551288,70.10430095784427,52.960718076005676,6.196156514920315,48.92100257621989,34.52330949233139,17.143582881838597,21.18329838162438,701.4168143465922,1830.1111461875012,457.7567972556196,546.2448672160257,701.4168143465924,1830.1111461875012,2879.0941391597426,2.6152375680413833,4.111902159210476,400.89727854738214,450.8330386766298,454.33799637465955,1.1243701810481763,1.1331807085667247,0.029759999999999998,0.19411199999999998,0.016236,0.009737002,0.546092,188.4,0.629296,0.00045955206457731995,61.6,2.8991999999999996,0.6434,40.1982,197.6,270.1326,278.0176,33.28,31.726599999999998,109.8,8795.99093773658,
P52,45.63344166666666,0.00232859960118846,4.8394285064352885e-05,73.94127083405776,331.5020513633018,108.74098553552389,26.36248537316617,141.4420518326996,101.4447239415245,1.19788738306405,45.606720834,33.02514875631033,257.56078052924397,222.76106582777783,230.0573274217773,34.88856618733835,62.75602571003655,50.56406689764258,5.928147168280097,47.02997124591694,27.867459522698216,12.191958812393981,15.726054464119624,695.846714086805,1806.7579792830427,549.2964307556352,608.1374805745482,695.8467140868054,1806.7579792830445,2877.905226056658,2.5976556141007032,4.137303107635532,399.8357189727646,462.73946039471696,498.46411505718714,1.1581035681170988,1.247314385332267,0.018358,0.179068,0.00968399999999998,0.009227744,0.48545,110.2,0.527082,0.00052465836991326,40.2,1.9326312500000022,0.5822,23.4078,113.0,220.5966,230.411,18.4678,15.529000000000002,70.8,3709.9481788690014,
P53,41.788895833333335,0.00257814314332784,6.189839878771091e-05,67.14206149421918,380.6934788953303,161.3516228470823,38.24537406411919,286.9994486224492,151.96791066815075,0.9029162841884313,41.762572915999996,79.1500086804326,313.5514174011111,219.34185604824808,228.7255682271795,35.80050561726364,63.78037198738157,51.833102084372875,5.2770166847727324,49.272595927930986,27.979866370117925,11.947269903008694,14.507776059450581,604.9780142848194,1795.6573913845266,396.976142777248,647.9791844906083,604.9780142848192,1795.6573913845273,2795.9883029272114,2.9698647483404654,4.624397518036116,327.4966787098794,378.54691705077016,441.46879712599605,1.156937810098854,1.3492146482103506,0.024659999999999998,0.191904,0.013019999999999999,0.0061973208,0.388218,128.6,0.45881799999999995,0.00045849202438689996,37.4,2.0416000000000003,0.49779999999999996,18.383000000000003,143.4,183.3288,199.40140000000002,22.8918,18.683,87.2,5633.901033838035,
P55,32.90895416666667,0.00132646345382088,3.874896370168325e-05,70.0785435008286,329.8594734728902,173.48740956556435,33.62188754818642,198.11071815063525,170.2574257465925,1.1721510581379193,32.881977082000006,63.40779562978046,259.78092997206153,156.3720639073258,159.60204772629768,35.249265089946306,64.05635749050316,49.65569236363464,5.540557359506964,46.21192606939671,28.807092400556847,14.400665126868509,17.844431421106442,701.2510829012945,1851.851257604553,480.5409600386711,675.4380842031954,701.251082901294,1851.851257604551,2917.4924621364744,2.6439026642885217,4.165916005562053,333.91512013613703,403.8514571956155,417.890846615575,1.2143442423712716,1.2532438430415769,0.018396000000000003,0.190194,0.009852,0.005759584,0.484612,74.8,0.45684199999999997,0.0007393417875227999,28.8,1.442133333333334,0.5384,15.9232,78.0,152.2862,173.5644,22.723,17.4404,51.8,2631.9344697298498,
P56,65.0605625,0.0024147591350561,3.479592849279615e-05,74.12399065472933,362.7562820922355,196.1247135729771,49.20648798782471,273.91095962590816,203.1903575731073,1.3822101250711212,65.03403125,23.072135197401128,288.6322914375062,166.63156851925842,159.5659245191282,34.43891954757926,64.91695546176932,49.30367129677343,5.680022217705216,44.62652629999629,30.478035914190052,15.61328416499589,20.290429161773023,707.2469686585027,1874.4758799256786,542.1227601069974,640.2900015048605,707.2469686585039,1874.475879925679,2901.786441355237,2.6508121127175963,4.103920319648002,367.70845654200923,382.1855147328275,441.8310124333055,1.042064326755942,1.2033230269200024,0.02464199999999998,0.17971199999999998,0.013303999999999979,0.005095431,0.509726,162.8,0.518756,0.00043990732204963995,56.8,3.042133333333335,0.6636,38.985,176.8,205.2326,213.2756,27.4964,23.6166,106.0,6209.050682198418,
P57,59.46289166666666,0.00754361403777142,0.0001237235247633413,70.3833451188066,328.15632072948483,188.9299953492607,38.001054428101234,291.4856234395306,183.76130572842533,0.5851460483732801,59.436445834000004,49.18583209143556,257.7729756106782,139.2263253802241,144.39501500105948,35.52708962280814,67.55811470741037,54.682701879524224,6.384641992868315,51.0025236108054,32.03102508460223,12.875412827886143,16.55559109660497,652.3519896070034,1856.2759012788895,400.39505514639626,579.1366739727407,652.3519896070025,1856.275901278887,2964.7141987376544,2.8478377111116644,4.548877201811864,305.202376734779,359.66087486655226,377.2170704801273,1.1823550973629735,1.238906638854903,0.024724000000000003,0.173364,0.01305999999999996,0.005288669,0.315808,152.4,0.33448199999999995,0.00031079605147656,51.4,3.3365333333333345,0.6237999999999999,32.226,165.2,174.6978,184.6482,24.4282,18.2272,98.2,6715.371121228968,
P58,38.24154583333333,0.0007965985539620999,2.132286182644618e-05,72.13270827675998,333.1142456140186,193.10591752606848,53.808745285590575,332.5589765048233,204.23175027300255,1.9959968529232412,38.215147916,129.43043184372684,260.9815373372586,140.0083280879501,128.88249534101604,36.03494392176012,62.13938582526686,46.96080961974133,4.236280887678961,43.47907518923871,26.10444190350674,15.178576205525525,18.66031063602814,715.9044758593385,1926.4854765016648,620.0442234934541,721.3580222013584,715.9044758593386,1926.485476501664,2964.8984510146697,2.6934716113667223,4.145824486773359,390.47869187134154,372.23346439848376,424.92917416120883,0.9535581151191975,1.088100859584749,0.03297399999999998,0.190166,0.017746,0.005157177000000001,0.544034,117.6,0.60816,0.00103219340615224,35.0,2.7946666666666653,0.6566,20.821800000000003,140.8,167.1776,188.11880000000002,27.3108,25.3994,76.4,1264.872481229829,
P59,32.44285416666666,0.0053798427786890795,0.00016028865029335998,74.59446444047421,382.6868053218268,223.6428867333321,47.125317874632366,328.8964005033393,224.31383520858572,1.204306811442112,32.416427082,63.859826880536545,308.0923408813526,159.04391858849473,158.3729701132411,34.96297213768906,72.60644840809047,55.92199874013697,7.768163736704035,49.90542596290699,37.64347627040141,16.684449667953498,22.701022445183483,653.8532230591,1848.1237352642215,427.15064756023594,550.2345881035959,653.8532230590998,1848.1237352642206,2883.6607066590723,2.8310605193817673,4.419228528021305,323.7028216225215,381.98237665195387,414.50400141615717,1.185411780771116,1.2824065931289885,0.024978,0.162224,0.013152,0.0044642002,0.46753999999999996,69.8,0.468158,0.00072617802990182,25.6,3.4533895833333332,0.7567999999999999,19.1862,77.8,214.9294,225.19700000000003,37.6886,29.439,47.0,3100.592184974529,
P6,81.7450125,0.0032049118993492803,4.0322195990590075e-05,73.4617433880331,355.2141304611386,107.848640086449,23.362177050604537,124.56106597524635,101.22289478584267,1.1594233982817834,81.71875625,40.33366321331933,281.7523870731055,247.3654903746896,253.99123567529597,35.97193774400161,64.82521109965944,50.009037633821265,5.156638400658622,46.92811406853439,28.853273355657837,14.816173465838176,17.89709703112505,700.8641916869991,1896.1317648606782,495.9592964393861,756.3596375602299,700.8641916869971,1896.1317648606764,2958.1359765191155,2.7055036367664185,4.220902394190577,331.81750378230697,434.6427624489047,371.6176666290676,1.3101505372458653,1.1202407430413035,0.019088,0.190996,0.009942000000000001,0.00928498,0.47875199999999996,219.2,0.534872,0.0003089332368384,81.8,1.9311312499999989,0.5262,43.0432,219.6,251.81459999999998,248.03540000000004,14.63,12.198400000000001,137.0,8272.626108841298,
P60,78.32621666666667,0.00996969462211706,0.00012269602628775766,72.62521275397606,381.9137625419646,198.1353484332423,41.06304389184801,192.26771392681763,186.3689506591821,1.143535909353665,78.299358334,23.931495244348746,309.28854978798853,183.7784141087223,195.5448118827825,34.734327991207195,71.22289813697735,54.81231662217483,7.23698098599151,48.921599786219,36.488570145770154,16.41058151480251,22.301298350758348,707.9510679032708,1892.4705492669214,441.67134592178417,566.0449724449378,707.9510679032708,1892.4705492669204,2923.173793334697,2.6782023892603717,4.137392369801569,327.54351294070347,380.48067181918907,391.87700067581443,1.1672910711442048,1.1999037650836357,0.01913199999999998,0.169856,0.01013,0.0050533454,0.47409999999999997,180.0,0.49360799999999994,0.00033324311549208,69.8,3.6607999999999974,0.7356,49.123000000000005,192.8,216.0016,185.7518,21.5902,15.3744,115.2,7777.578309423651,
P61,20.008654166666666,0.00034387122963471997,1.6676676796141558e-05,79.89686937538627,292.2890564844917,185.59541430387986,39.326256327012445,217.83362577664047,191.6028494812452,1.8294157072330393,19.982452084000002,45.955751290589646,212.39218710910546,106.69364218061187,100.68620700324652,34.2365202306532,59.07828190991479,46.13782188708019,4.686527223055547,42.07944271900096,24.84176167926159,12.940460022834596,16.998839190913827,764.9011732865415,1935.872754749284,666.1119249508154,738.3129837151962,764.9011732865416,1935.8727547492854,3029.1185701542245,2.5353681119742224,3.96860622330052,410.89622575405747,416.474390770667,461.6035990163946,1.0157362437483541,1.1238779856222376,0.028392,0.19280799999999998,0.015742,0.0053806896,0.581366,41.4,0.496776,0.00154257203501348,16.0,1.8581333333333336,0.6519999999999999,10.16,43.4,137.9888,167.76799999999997,24.6098,19.3294,27.2,169.36768621307144,
P62,93.56904999999999,0.01111837589808268,0.00011665073131872662,73.55022375039478,392.8308035393607,197.49224980616,39.23699173549211,231.85730565603507,194.07732313323564,1.0122656732393929,93.542025,65.63580219182823,319.2805797889659,195.3385537332007,198.75348040612508,34.80496729519437,70.24619843658279,54.624427956218256,7.282432391944184,49.84390905737875,35.44123114138842,15.621770480364532,20.402289379204042,735.785501502063,1853.6392394027469,444.7186300559829,637.8191288149253,735.7855015020633,1853.6392394027469,2895.7746384134643,2.521179027107194,3.938735654651584,346.13677355367196,447.6753994909519,428.81861204958085,1.2949061317829778,1.238756127940006,0.020479999999999998,0.17136,0.010848,0.0050551446,0.453702,199.6,0.480338,0.0002840533366568,88.8,2.737066666666667,0.5928,53.2798,209.8,250.1248,263.6016,30.150599999999997,19.7406,136.4,7358.983793900447,
P63,73.81220416666667,2.670621106416816,0.04024468594267695,71.85170745824229,371.83079287865183,100.11763159679518,35.44748737683379,157.42785277771546,90.77816770842014,2.1008284555387586,73.784852084,35.61391546630224,299.9790854204096,271.7131612818567,281.0526251702317,50.53492379899385,76.61241914049273,63.730187498738005,4.839874919070854,60.197124213628015,26.07749534149888,12.88223164175472,16.41529492686471,740.1944614834483,1859.8463084607833,611.291499079184,592.3182717898301,740.1944614834483,1859.846308460783,2925.962955351567,2.513631458693954,3.9548253556186275,392.57009629515403,420.0116419446579,463.7032128458012,1.0698197831851828,1.1814227065843095,0.02866599999999998,0.174762,0.015722,0.010048809,0.5833320000000001,192.6,0.65316,0.0005981579378926,67.6,2.3338666666666676,0.6098,40.92,205.2,284.3418,269.7504,19.6428,19.0292,113.0,36479.168393085274,
P64,113.44858333333335,0.01368093201575874,0.00011317448054084033,71.9915174530858,384.23026085613327,108.52503628796924,29.872507826398852,169.37605115522098,99.63518869493393,1.1122384523431523,113.422416666,49.69889430807464,312.2387434030475,275.70522456816406,284.59507216119937,35.03263925642636,69.87190565578547,54.38162300017389,7.135677929129487,49.61227067880911,34.83926639935912,15.490282655611585,20.25963497697636,720.7851874437234,1865.14610548668,601.0112372771641,608.2295622181055,720.7851874437222,1865.1461054866795,2884.5834393860528,2.589431683247401,4.0051537472349015,415.21864439809286,443.28137078639037,516.9267517794151,1.0672843243938555,1.2459784506953944,0.022704,0.18162199999999998,0.0121,0.009236372400000002,0.46120400000000006,293.4,0.53323,0.00023069343315308,101.4,2.8416000000000023,0.6636,65.905,304.6,281.73199999999997,252.573,19.5176,17.427,177.2,12756.620618364192,
P65,111.68404166666667,0.01562884078006216,0.00013843059740811,69.17606383741372,385.7283817550754,120.06897573551177,36.836358260573995,222.70443499869825,109.14185509002368,1.0891342415744447,111.65827083399999,62.509876501431236,316.5523179176617,265.6594060195636,276.58652666505174,35.138566780964894,69.34543451173097,55.29750208726714,7.529029860208245,51.94038094535123,34.20686773076608,14.047932424463824,17.405053566379742,625.8203975844851,1749.5004974311075,457.56488295557244,617.4485859646514,625.820397584484,1749.5004974311075,2776.989354548178,2.797386345949696,4.440532798615669,345.55625981145323,424.36296707054396,454.78943983246234,1.2294463322881344,1.316638123694441,0.020802,0.17252,0.010674,0.008386482800000001,0.444278,271.4,0.518732,0.0002047450070129,101.8,2.7029333333333336,0.5518,55.0816,284.6,260.0086,252.9828,30.455399999999997,24.91,172.2,11255.894434991746,
P66,82.99357916666666,0.01222219022939868,0.00014500420886633998,71.7958604093703,352.3234783284891,117.70997241659299,34.79683246376372,236.1364263350644,107.36454607137861,0.8011361723263338,82.967414584,29.06494669990251,280.5276179191188,234.6135059118961,244.95893225711046,35.613090126766245,72.01135849102815,55.588030756401835,6.4083763825968845,51.251578616455525,36.3982683642619,16.42332773462631,20.75977987457261,643.2876956961616,1795.0041575630094,406.43846601346337,661.4115258560016,643.287695696161,1795.004157563009,2936.3178364842306,2.7912676598193196,4.566501502344012,349.9725233658202,435.9868454307316,454.59191001468787,1.2494762568422249,1.3007685993309035,0.02591,0.191322,0.01396,0.008537591399999999,0.369452,258.2,0.44565599999999994,0.00026070365005934,72.4,5.875200000000001,0.7083999999999999,49.2704,270.0,234.2026,225.7676,23.9868,18.859,166.4,10377.840709707896,
P67,112.560475,0.01898720870693988,0.00017342167142875403,72.46496470022461,361.49612957121485,134.96365889090026,31.864940036751086,166.03133812817848,127.51264069378313,1.7525511003511973,112.534612502,6.945771715402179,289.0311648709902,226.53247068031465,233.98348887743174,32.20670788696704,78.33162228364544,55.806693937225546,8.038207607627298,50.537926591146054,46.12491439667842,22.524928346419905,27.793695692499398,627.369610220742,1770.3328802213757,391.49733066673343,573.2696862732843,627.3696102207416,1770.332880221376,2813.294164615581,2.8229521705886906,4.485977217337742,324.53466465598996,415.52589267842643,406.1935116564896,1.281949678296175,1.2518624798928073,0.020308,0.17186600000000002,0.010522,0.007443063799999999,0.5262439999999999,286.4,0.586192,0.00027525416208078,104.0,3.820800000000002,0.6938,71.7284,308.8,243.63240000000002,234.4078,20.7038,15.4254,182.4,12658.053829700986,
P69,53.55104583333333,0.0030168754413335596,5.3875451927614e-05,72.44546058638153,346.0254819256211,118.96868554583497,65.8243795591259,292.6785698704008,92.15119715146936,1.7347586948437885,53.523647916,130.9785695916607,273.5800213392396,227.05679637978614,253.87428477415173,34.56005362504717,64.77080593853893,51.24443719721626,6.518319958142442,46.40965081295781,30.210752313491746,13.526368741322656,18.36115512558111,708.6372905709962,1836.125830964243,541.0286660752412,592.1354894209184,708.6372905709966,1836.1258309642449,2818.2761591635444,2.5918028878156507,3.9779687563453834,374.29208485092033,386.96060748455164,498.37033223607585,1.034563298465316,1.3328693950941166,0.034367999999999996,0.19226000000000001,0.01833199999999998,0.0085698174,0.53845,133.4,0.610846,0.0005508451882776,46.4,2.519466666666667,0.6862,32.0866,140.2,250.55,252.4726,42.193200000000004,40.5072,78.0,6232.199823441864,
P7,47.96807916666667,0.00561346480670418,0.00010298676632427355,77.53506836751771,313.8030382311755,119.67756825225051,32.98616337379964,168.09081077171072,109.5042593613146,1.3852777275594224,47.941539584,40.77494884957506,236.26796986365775,194.12546997892497,204.29877886986085,35.53541911083211,68.13175663366,53.83888402424426,6.867026968278793,50.552131451822696,32.5963375228279,14.292872609415742,17.57962518183731,732.622487924795,1883.7098120523588,469.89654927418303,608.7760958680999,732.6224879247949,1883.709812052357,2876.440875438348,2.5727035487304795,3.9302220287195033,340.8630902839391,440.5555411700252,408.9103300211131,1.2930132689170402,1.2004177978130843,0.020304,0.18107999999999996,0.010818,0.008407301,0.496444,131.2,0.51512,0.00078728360659464,41.0,1.9456000000000002,0.516,21.2582,135.6,200.2406,194.6278,19.8244,15.6704,86.8,4897.231957358624,
P70,24.362895833333333,0.0021847942395329,8.966714286984629e-05,66.06056604106212,357.55311730408465,234.87894251401977,43.97218450707114,364.04178711308333,240.1216290460598,0.47644900290462877,24.337072916,14.44562934721479,291.49255126302256,122.67417479006488,117.43148825802488,35.192185993563996,66.03866980338181,53.49457922506252,6.3286257843724245,50.23494329678745,30.846483809817805,12.544090578319288,15.803726506594359,667.245643666786,1919.4702766872965,445.1941736865739,637.1054184800164,667.2456436667863,1919.4702766872974,2894.093091943695,2.879143397773271,4.341261410318158,329.4138380421303,373.85913626186095,359.7354437490412,1.1370546434134572,1.0923768993063128,0.02283999999999998,0.160794,0.012434,0.004252011,0.27391,48.2,0.28042999999999996,0.00065878306946668,20.4,1.3930666666666673,0.5414,10.979600000000001,58.8,168.289,172.878,31.5656,22.453200000000002,39.2,1975.351609363399,
P71,36.9170875,0.00201444649891728,5.2664252349638794e-05,73.84442996308746,366.20781405166565,198.59329800385186,43.18221133800968,302.4871681277552,201.7057572515291,0.9801645970836408,36.89104375,71.34843068884165,292.3633840885782,167.61451604781377,164.50205680013656,35.053575952972366,65.72967516981393,50.9317729203821,5.864583509396012,46.88316218142057,30.676099216841557,14.797902249431818,18.846512988393354,719.73370757939,1876.5548748062538,548.1439512439687,656.8294011200387,719.73370757939,1876.554874806253,3002.052153009088,2.6083133352959766,4.173865330534875,318.5986820459037,355.4567595346965,361.4255262854178,1.1203538237661033,1.137359997803253,0.02468,0.17132799999999998,0.01367599999999998,0.0050210446,0.43449399999999994,95.6,0.443166,0.0005854889310279801,29.6,2.4,0.6763999999999999,19.8494,105.6,188.597,194.281,30.1144,23.814,59.4,4633.823097610995,
P72,25.2732375,0.00295572750054024,0.0001067313750504655,105.79701340898364,303.0999183406637,214.03431911102385,27.443469816950774,242.27454974763242,212.01992924286984,0.6609389659760965,25.245993750000004,100.39217604849856,197.30290493168008,89.06559922963986,91.0799890977939,34.8033115235995,67.86334576918165,54.07328433592081,7.027960238075737,50.133080289098146,33.06003424558216,13.790061433260837,17.730265480083506,631.7598145289176,1821.7802418430686,481.7038511114154,590.9303345361081,631.7598145289173,1821.7802418430679,2902.7414473532253,2.886459148790453,4.600487058229803,328.89025575833796,348.40710118071206,367.87144997570095,1.0681913433828034,1.1228764080163764,0.02299599999999998,0.157074,0.01255399999999996,0.0046787032,0.36402799999999996,52.4,0.352496,0.00077157044744156,21.6,1.713066666666667,0.5816,12.3978,55.0,145.88479999999998,143.04659999999998,27.098599999999998,12.860400000000002,42.4,1275.1320638039447,
P73,36.931045833333336,0.00267794435596048,7.082523460678207e-05,70.2006146718735,341.73098986175285,179.27941852984424,41.4979499896912,261.30105879442146,179.70670183407267,0.8618587903990866,36.904272916000004,64.9590842736944,271.53037518987935,162.4515713319086,162.02428802768014,34.76292120598797,63.9824238380202,51.89253969345829,5.895222287636724,48.84275433419173,29.21950263203224,12.089884144561918,15.139669503828468,651.9810840810346,1837.7273857994799,407.1381456137718,595.0720379003955,651.9810840810339,1837.72738579948,2777.1810110478286,2.8265375023495665,4.2685144755931,281.39401789968895,370.6384384801715,351.2386945368677,1.3306540511012166,1.2506273066372737,0.01949799999999998,0.170474,0.010395999999999999,0.005562669,0.37652399999999997,96.4,0.424886,0.00067709869587682,36.6,1.755733333333334,0.5456000000000001,19.6498,99.6,159.2768,164.1272,26.565800000000003,19.7512,58.6,3863.0788374141534,
P74,29.249249999999996,0.0017831682990712,6.213457286030459e-05,73.47292311945918,345.5787776689491,182.09092695867326,56.29129829342668,427.10183862573604,184.84513880248076,1.3090301921199665,29.222125,37.92634441546982,272.1058545494899,163.4878507102758,160.7336388664683,34.39544000408525,62.73643122179105,51.64610118917816,6.346954381341922,48.84347633673362,28.3409912177058,11.090330032612899,13.892954885057431,671.0983710432698,1844.615448558745,456.3511996280816,585.5513193638569,671.0983710432695,1844.6154485587444,2883.853142497702,2.748748812611141,4.2980122394772176,327.14593098498324,360.4079844322482,369.3740597151794,1.1024612707944128,1.1307278228787279,0.03317,0.18997399999999995,0.017574,0.0054898431999999995,0.473318,90.0,0.534936,0.0008100280987913,24.6,1.8666666666666665,0.5452,13.2394,101.4,199.76680000000002,236.9966,38.3926,37.263400000000004,52.4,4914.068168061637,
P76,38.599666666666664,0.00286253810656872,6.41501369246152e-05,66.71567562330559,353.265498656529,160.78498335089165,42.526365989556496,255.85132753999642,147.51850616516194,1.441055098117896,38.572958334000006,82.85177615202538,286.54982303322345,192.48051530563734,205.74699249136702,35.42120890599624,65.99907878581865,51.688250748568876,5.865282339388943,48.46475698130511,30.577869879822412,14.310828037249783,17.534321804513546,653.1999234526719,1878.145073720735,482.03684305878653,617.9919073105564,653.1999234526721,1878.1450737207354,3011.265734139953,2.8784575733513265,4.6148628468200865,337.4721743080345,349.57013918583,374.0613337691045,1.037123004975761,1.1090784918736531,0.02676199999999998,0.183782,0.01474,0.0062340176,0.493314,106.2,0.539404,0.0008907458187242401,36.4,1.7173333333333332,0.511,19.290399999999998,114.8,192.2988,203.6044,24.3568,22.1988,65.2,4973.971222854726,
P77,41.4245,0.01063435474198966,0.00024490863659551996,77.00540787156756,393.9654648796226,220.92387834255268,51.09668424474243,314.93915957871565,230.87355490966678,0.8957514688010704,41.3985,102.18230091400243,316.960057008055,173.0415865370698,163.09190996995576,34.42273326112762,71.42726278367817,57.709510665557595,8.372506948257355,52.88553192322088,37.004529522550555,13.717752118120577,18.541730860457285,685.5298724731496,1836.1944806924396,378.70952243159064,591.380503012341,685.529872473149,1836.1944806924403,2930.694952359275,2.67985007586584,4.278768757744459,265.9914938708529,390.4501580976173,328.1867726819273,1.474151687650005,1.2348440097142317,0.021728,0.148334,0.011378,0.00452583,0.40559399999999995,96.0,0.442638,0.00050001316213038,33.4,2.8389020833333367,0.6716,22.4178,103.4,265.6828,197.166,37.6268,25.9594,60.8,4284.288594631906,
P78,28.313145833333333,0.00223022538516474,7.930661708819119e-05,77.61282120610375,323.14800112716046,184.19129605647925,30.37884032282692,185.62109133364984,182.64819606071396,1.054066103833606,28.287197916000004,60.434920610370774,245.53517992105668,138.95670507068115,140.49980506644644,34.26511005468666,66.40231896929059,52.955483298470924,7.347089948312562,47.65565573177123,32.13720891460393,13.446835670819661,18.746663237519357,681.9352204818418,1861.8990572802293,496.7421034774907,680.2899258775367,681.9352204818421,1861.8990572802304,2843.1878859987974,2.7347288961802705,4.176987179915608,335.9849153172911,372.22396139602677,404.86971566173975,1.118804474503545,1.211148263521896,0.02151,0.17036199999999999,0.01172599999999998,0.005422657,0.45106,51.4,0.42494000000000004,0.0009471956123616801,15.8,4.554666666666667,0.8994,15.581799999999998,54.8,148.6754,159.8786,21.683600000000002,14.675999999999998,36.6,1833.8931637250346,
P79,80.498025,0.01712544954007798,0.00017792451062998593,74.22693231632445,390.1305515199833,218.87211404608652,37.50915561250257,254.92165820215374,214.69973660726313,0.7731514239501632,80.472137502,38.23631666868768,315.9036192036589,171.25843747389678,175.4308149127202,34.361754623754166,72.1343703796866,55.90282978212724,7.532481539051292,50.129132422417385,37.772615755932435,16.231540597559366,22.005237957269216,661.3897944363986,1886.7537691552018,446.71089967111794,652.6645069926745,661.3897944363989,1886.753769155201,2956.538307415033,2.857267691013127,4.476606839811369,333.8097567949684,397.7095357682341,355.9738622642036,1.19308852019575,1.0674880713454866,0.023628,0.16191,0.012622,0.004571361,0.386022,194.0,0.42292399999999997,0.00025682448655122,64.4,3.122137500000001,0.729,47.5342,206.2,208.7424,182.15140000000002,27.6884,13.148,136.8,6957.8240940972655,
P8,58.34000833333333,0.0177698046140256,0.000287811874857,72.9415467108146,358.4614347303162,125.89177981500373,50.9208895538748,288.2827903612198,107.13825227591958,1.3777797861525776,58.313754166,46.94816748577728,285.5198880195017,232.56965491531255,251.32318245439666,35.68228785432107,73.62435800656326,58.51304720689943,8.990251531917206,53.507943094734436,37.94207015224218,15.11131079966383,20.11641491182882,664.5815764892335,1811.9748167095047,420.5194166548166,701.9840377219324,664.5815764892326,1811.9748167095047,2902.60004466085,2.726641010204835,4.3684097280830985,360.30141652076,486.45876894523315,392.98715801215036,1.3520798683402666,1.0919155270889458,0.027034000000000002,0.18528599999999995,0.013957999999999998,0.0080573722,0.49680599999999997,151.0,0.559264,0.00047547706315562,49.8,2.0032000000000014,0.6456,32.0444,162.0,243.56959999999998,215.9174,36.777,32.7928,91.6,7061.790535270132,
P80,46.15600416666667,0.010695038082437,0.00021559375612028,85.0793748926537,386.6717419429216,232.79200340394772,44.190520533096915,279.57564323518807,229.91935958706995,0.6722134340334512,46.12987708199999,32.06457000383022,301.5923670502679,153.87973853897387,156.7523823558517,35.235280823887045,71.7358302519687,57.21983515678157,8.158711561525033,51.94921263738316,36.50054942808165,14.515995095187119,19.786617614585527,691.7609228596632,1833.6685137189968,443.7317703911822,579.3139963346084,691.7609228596623,1833.668513718995,2743.534405003151,2.6581650871333595,3.985322789129776,331.95428041514907,374.25528109426597,435.72799862940974,1.1521336282987646,1.3320318577908836,0.023182,0.158864,0.012301999999999999,0.004304021,0.346792,84.8,0.36304,0.000488182041318,36.2,2.538666666666665,0.7036,25.353,90.8,184.653,183.277,27.273200000000003,25.1856,54.4,3659.3652659987083,
P81,42.73939166666666,0.0046407529419869795,0.00010072090817808945,67.78809878920829,371.43801738237534,227.22903526910005,49.074221897384156,348.98295152219737,231.464443018064,0.7739986466759209,42.712820834,47.12683713883962,303.64991859316706,144.20898211327534,139.97357436431133,34.59750864712677,67.10603316893938,53.92941040081331,7.099665038457689,50.487494490081254,32.5085245218126,13.176622768126071,16.618538678858133,663.2772380217763,1766.091236331437,403.29174430136857,692.8819324207354,663.2772380217762,1766.0912363314371,2800.2956110913688,2.664343947849748,4.224121978814163,264.02476160588765,402.4168248167785,337.4129993506441,1.5300028109582613,1.2790403267572277,0.02469999999999998,0.162046,0.013142000000000001,0.004401084,0.37704,106.0,0.393964,0.00063262744578312,42.8,1.7407999999999997,0.4542,19.1398,111.4,226.1884,214.33339999999998,38.257799999999996,28.0908,71.8,3974.90363651914,
P83,27.566716666666668,0.00420721447679482,0.00014404213081163668,75.69429989870594,349.93141648777936,229.1085525669992,44.90426347352235,256.6210972914113,224.42659835539885,0.6722487545565279,27.539608332,79.31072764380971,274.2371165890734,120.82286392078012,125.5048181323805,34.502613128069,69.42763368626561,55.39556829477516,7.506259572263824,51.03508231906766,34.925020558196614,14.032065391490454,18.39255136719795,678.2502669310725,1865.0450571966073,449.12056096959384,609.5009473502406,678.2502669310727,1865.0450571966073,2884.1422256975193,2.7526395813650857,4.255800379550431,320.1984476969338,381.6305861443101,378.5679605903782,1.1928346345837453,1.1834625540521517,0.020798,0.15035199999999999,0.011139999999999959,0.0043631154,0.36453199999999997,55.2,0.312856,0.00072874704984106,23.0,1.5658666666666656,0.5780000000000001,13.590399999999999,58.4,155.26399999999998,127.38499999999999,24.8422,15.6156,37.6,2098.349198235902,
P84,63.31961666666666,0.01209312720009276,0.00017911034290794248,76.50120824295826,382.6987599334745,206.11026409566574,36.206453669515255,286.58647351706185,206.3935580134069,0.5365728266278944,63.292308330000004,62.41193687754101,306.19755169051626,176.58849583780878,176.30520192006765,34.06392955890514,71.03579070433025,55.99522509293597,7.491395864182662,52.1958661425255,36.971861145425116,15.040565611394271,18.83992456180474,598.184367513268,1820.5009471020062,371.36425893171867,556.0292635992432,598.1843675132675,1820.5009471020062,2897.6153906553304,3.0440011948526076,4.844856330980147,275.3943175036153,328.3751449332199,317.60566878538594,1.2001970676036318,1.1577970722493014,0.022026,0.159712,0.01174999999999998,0.0048495657999999995,0.311678,141.4,0.3313,0.00026260218988158,59.4,2.0629333333333335,0.5592,33.806,151.8,180.24099999999999,198.2338,26.250799999999998,19.453,99.8,5218.459263113871,
P85,61.74979166666667,0.01016121500050062,0.00016400208510018,70.90997160827969,337.84256503720763,118.9894807884458,41.78412076271038,319.9878157242835,104.41051582578307,0.8159405636642656,61.723020831999996,37.024797102917994,266.932593428928,218.85308424876183,233.43204921142456,35.8654326863657,69.4591496350461,56.11318570798066,6.6501312496645495,53.20916725318459,33.59371694868042,13.345963927065446,16.249982381861514,591.5430544227486,1697.8377323636673,358.6725318709067,484.0158193700452,591.5430544227493,1697.8377323636682,2743.418872215826,2.870525179074793,4.638967849079141,280.54382667200287,398.91811228515024,423.829063969555,1.424933245027821,1.511203302804386,0.02478999999999994,0.18889399999999998,0.01298,0.0084366406,0.35753799999999997,216.4,0.455302,0.00031140179802342,63.8,1.2906666666666673,0.4364,27.553199999999997,233.2,222.2174,232.11860000000001,30.7314,27.456200000000003,142.0,9139.233233833826,
P86,68.38602499999999,0.0191931327329793,0.00029011010277512,73.48403646609417,345.06811210368585,129.10641822657902,35.40369973401039,196.2055980127088,116.26715326443517,1.0239410536962212,68.3592625,49.04783150869688,271.5840756375917,215.96169387710682,228.80095883925068,35.82347816903734,74.08234772261537,58.3787130792625,8.309203686490283,52.17056606014587,38.25886955357804,15.70363464335287,21.911781662469508,629.6640103074095,1766.452729160418,426.85723928292157,571.6204781905009,629.6640103074085,1766.4527291604195,2812.6395230564804,2.8057270037332556,4.467397226731197,321.6291387794173,407.95400020691346,404.19016937355326,1.2701859251225622,1.257111154340048,0.023261999999999998,0.183474,0.012501999999999961,0.0077968988,0.451872,159.6,0.500596,0.00030469749162303995,52.2,4.219733333333333,0.8646,44.1216,162.0,205.8986,209.4194,27.0956,18.2608,107.4,5481.9570613063,
P89,58.749012500000006,0.013397752054873818,0.00023851210707382,76.1975987619098,339.2136229210464,133.49955756469834,25.58328837086193,129.5896196937387,126.50700317485055,0.766278261746817,58.72200625000001,17.611021205665278,263.01602415913663,205.7140653563481,212.70661974619588,34.42312609765439,73.33854288222217,57.621112486358676,8.713297351800934,50.48854053160784,38.91541678456778,15.717430395863493,22.850002350614325,651.9097491905809,1833.352155300819,481.08152819444877,738.8205960717103,651.9097491905807,1833.3521553008188,2851.011713144811,2.8140926761030545,4.377104244556334,355.60296380236076,431.7437330307945,472.96566612672234,1.2161737127072487,1.3316663727401719,0.01797,0.16905199999999998,0.009413999999999981,0.007512200399999999,0.400882,101.6,0.419288,0.00031315442701596,43.4,3.925333333333332,0.8488,37.214600000000004,106.8,181.4836,169.2954,17.7694,10.1002,74.4,3256.8513727693016,
