video,Pitch,Yaw,Roll,inBrL,otBrL,inBrR,otBrR,EyeOL,EyeOR,oLipH,iLipH,LipCDt,dicCoeff_local0,dicCoeff_local1,dicCoeff_local2,dicCoeff_local3,dicCoeff_local4,dicCoeff_local5,dicCoeff_local6,dicCoeff_local7,dicCoeff_local8,dicCoeff_local9,dicCoeff_local10,dicCoeff_local11,dicCoeff_local12,dicCoeff_local13,dicCoeff_local14,dicCoeff_local15,dicCoeff_local16,dicCoeff_local17,dicCoeff_local18,dicCoeff_local19,dicCoeff_local20,dicCoeff_local21,dicCoeff_local22,dicCoeff_local23
P1,0.21371797051418193,0.1275738708346359,0.21182313210789921,1.051369912471107,1.1175671006249641,1.031057155351849,1.1235776450348227,0.9664780547033912,0.9439428699153827,1.080097500147926,1.3285496969122152,0.9213537425110528,-0.08546072351483036,-1.7334465999471051,-0.9861052386328468,0.7739309324512167,2.7485160083321833,1.7906753525351071,0.3594157943777694,-0.9979427287424256,-0.6644542089814203,0.802512816415937,-0.14291605789806924,0.22374626749701348,0.34877917534141123,0.6439977190779747,0.0896108361821661,0.10700126873699527,0.3876797940751744,-0.27712077536632856,0.3583465351453275,0.22176362729459093,0.0750178468364672,-0.17521809972468233,-0.13465944411118552,-0.0691687845210052
P10,0.32511499018226875,0.09538860788506087,-0.07157220359975591,1.0833658648810043,1.0128789099046203,1.073903012695404,1.0525244629086834,1.1148803702464907,1.1140909520361193,0.921402662511877,0.7030496393231678,0.6985703284014391,0.5994837755107214,4.521802836372688,-1.1742373608205465,1.1985927037876012,0.7267701990168716,0.386735398173937,0.931628849018574,-0.34840381007878973,0.490516462407956,0.10781281875207524,0.01421731705706411,-0.2313786537895937,0.5810272148523998,-0.23994868952273307,-0.2692561147969884,0.8423441033067762,-0.08740328225831867,0.3896175632068258,0.28427555493827616,0.006969045722506303,-0.011758910410363654,-0.18644470819587067,-0.09958373073395485,0.061154889056599264
P11,0.43708391445395967,0.18571890831218724,0.08849008172987027,1.0946991842306175,1.0988324545413566,1.0945346804245548,1.098200342487886,0.9667040256183796,0.9751849511508339,0.8417103003831418,0.49279094546568625,0.7533182132578318,4.691471406938605,0.13496217529521043,-0.937955636737412,1.6822293303176683,3.5415559408944945,-0.6862608786143692,0.740432165475124,0.16174293952712773,0.05537071333807894,0.6241591013084792,-0.931970330414727,0.3531969642342652,0.9924442354067501,-0.3233607353616955,-1.17846432321108,0.9354353341264721,-0.40398819950104164,0.5418769524427203,0.34213119138226555,0.2518523157311528,0.06927341085834093,-0.17666572271843098,-0.11735178021666229,0.07815737622438163
P12,0.40740137023466544,0.1130736176993822,0.022810078294285857,1.063245647905083,1.0525360314386571,1.0686333736722202,1.053286276574969,0.8838063297506443,0.9039514380966681,0.8756734068736081,0.6334066877141691,0.7967330325955302,2.4383712364271317,-0.11669139328188075,-1.4770220671472134,1.7485811532759314,1.621366530651053,-1.41856343887995,-0.6175804289439398,-0.4485112469758754,-0.7280847481766679,0.08299983363778615,-0.4334003022884304,0.28999807446325265,1.0696707355958197,-0.37502777130128484,-1.0351940070756709,0.7358976512837536,-0.7053571616034731,0.8445023383009757,-0.049745317681050207,0.14690111108719042,0.18321798396798222,-0.25096097900195735,0.06806476952439332,-0.040318781126269174
P13,0.40724309967667816,0.07270700794538998,0.08867767313137373,1.081702588585988,1.0872738575988101,1.0869495958602426,1.1307028641247565,0.846635132865565,0.861425253968326,0.9139210224351733,0.6134486916551325,0.809142463285085,2.1178008849974317,1.251162050747267,-1.0987122082225127,-0.2639620980411997,2.4330486185885003,-0.6129242093100898,0.12760274802229624,-0.5360618346367183,-0.393234996458271,-0.3637597141362883,0.21139213269354537,-0.1577082227582016,0.6417444184435416,-0.14607710108445993,-0.5915045113485559,0.3622719097115077,-0.5426094336368537,0.14309001158779255,0.5534115161196669,0.28560910036294235,-0.03848710539287917,-0.2600984166516977,0.1936781214281577,-0.36899479241107946
P14,0.18611559529364996,0.08900578062450648,0.04583214139382123,1.1272727147295507,1.2465196787134283,1.1339003866431812,1.2428911940576477,0.9560062752315597,0.9597060350523938,0.9013994189002911,0.7395470917272332,0.9550122197964988,1.731422777310192,2.483346849638646,1.0693930141108308,-0.35576700824530005,1.6522303809012977,-0.3830077659888157,-0.9978870426793196,-0.7058460152047565,-0.7228154198849105,-0.3247897248438281,0.39487890483535726,-0.19083867653452866,0.8773514867164491,0.031102640229377004,0.013777607917285068,0.3694508738234651,0.08006716033876735,0.04925215588826454,-0.03166616149976481,0.010822603953576794,-0.05546418230120987,-0.2195726048758094,0.19030606701972558,-0.03599470668638831
P15,0.26894121710237384,0.14220513345622005,0.11371542301506776,0.9212618687464192,0.7000286539725982,0.9041400382513867,0.6920742040335361,0.8674826582851306,0.8636263212574515,0.8888609335639137,0.7015219798910298,0.7682216027228096,1.8892547040686312,-1.4761570366244752,-3.9095911095270326,0.39085212060085095,-1.2978745620674261,0.49897470623477924,1.5568007805101398,1.1484628457179584,1.8467405181932022,-1.4330610417148266,0.12925891510212245,0.5030921403425831,-0.12090294029577145,0.3515336010908672,-0.4495785944458071,0.6985436159389045,-0.29571119760682635,0.18305794673125758,-0.08958953940717324,-0.016077911716794138,0.2577988952505733,-0.3011964337647083,-0.25782387724380934,-0.05382531923975375
P16,0.2885462737163643,0.12138878146630383,0.015975386063319146,1.0261558688248527,1.0273096624101852,1.0190557850795474,1.0737879139371,0.9820409341621796,0.998659165358049,0.837697114333984,0.5384003061133477,0.8300139399966358,4.00888884810654,1.2203413012293005,-0.124956155202109,0.5336497521789723,1.2268825510242984,-0.5792154587806182,0.3330553813275475,0.24181011773199954,1.1915754063545334,0.3880641017105295,0.12829090158540327,0.2973792301430284,0.8342932209268904,-0.6541468795494773,-0.562153711376379,0.7509133338330859,-0.742271476576499,0.24492859137552822,0.33660476497702296,0.059188058277932366,0.5282619238974195,-0.3332562184752387,-0.00498070612173678,-0.017374022767480353
P17,0.20196216410775245,0.0789506886983154,0.12362370432704245,1.0958017002813012,1.0698759549663035,1.1059639867062545,1.1064138205222052,0.8114023083733872,0.8323236539887843,0.8705461825205422,0.7839325684017008,0.9897052986600055,3.00288048418323,2.793352412814638,2.144839762645725,-0.7095974384726428,0.8756729379905674,-0.5681227863494647,-1.275874955171913,-0.06783930714482868,0.5713719222590311,-1.1441737469314244,-0.20937649337097655,-0.23719060582645596,-0.03200795923035225,-0.7746748767098303,-0.9470103333688089,0.6041785273149374,-0.6253083019303337,0.3683026337875327,0.3004139638860773,0.13996968628507292,0.3282067494893054,-0.268091480650567,0.288821959380259,-0.18102708102877746
P20,0.4170480459758812,0.1429030794064376,-0.026021040339938673,1.0492491046038053,0.9847600111239252,1.0509769989212168,0.9628460156264539,0.9268671615622521,0.930515323854014,0.813244364187486,0.45248212527204784,0.5924988845019517,2.5079227522029495,3.286107631310804,-3.637937420439669,0.5674120441227144,0.4606192826638885,-0.19339926966110174,-0.9156429570767678,-0.1853860816165164,0.5470974003352143,-1.268781612229771,-0.5121022942769581,0.6269633648494368,0.7630308312621215,-0.067586117198988,-1.3388395642265434,0.9663843968850037,-0.26037505536498834,0.4786971788908685,0.05694882196817677,0.14044397524717564,0.4843184758053064,-0.20824462045252384,0.05685772175263695,0.001773724450403788
P21,-0.07246974831991733,0.2311729388752803,0.20483897472625465,1.134611356984815,1.2106243987829544,1.1300061057631998,1.224309315418877,0.8172349670471764,0.8223541921918365,1.1173287855659666,1.5225520141791045,1.001497587910953,-0.8487987621856383,0.17113811525774492,1.293308721520605,-1.2226064758032718,2.582468489080611,-0.5257660672727932,-1.3933133542491234,-1.2980239565905909,-0.9446840560148458,-1.2639279982351899,0.08118816657122581,0.19656049060437197,0.2209899380135206,-0.13735515888989056,-0.023844061415444873,0.13535272661185785,-0.3027936119855731,0.17105943611326188,0.2666250559360174,-0.024185493557734625,0.010159274035236338,-0.04495341311588237,-0.12675368453112731,-0.09492504028994683
P22,0.32196521117443017,0.1747991481595645,-0.04558394077149251,1.208203377168408,1.2264162916234098,1.2008975704451097,1.257224260851448,1.037633723582176,1.0428447146406215,0.7737824172615922,0.6904109125302336,0.8068061009908545,5.461834158940164,5.422827911510688,2.232741471429632,-0.4124903558557044,2.9614925478951313,-0.23708763954396492,-0.033388254582595644,-1.7542637197191238,0.34905507268887304,-0.9846091177822653,0.14431072172817466,-0.07125226734324328,-0.13238140041777213,-0.25660991135110844,-0.684983771616078,0.665427342352125,-0.3020008294375253,0.5209623279626998,0.36939249011065234,0.2868993672513539,0.18844948639864953,-0.2985049023892513,-0.09845100014868961,-0.1663656363010207
P24,0.2936593916268789,0.10508342751034609,-0.03874365043267621,1.0972853997252747,1.0608113692718202,1.0824711424371607,1.0596283280061893,1.011717866104585,1.0115281319186562,1.0481757739326765,1.0982087626089427,0.8848855832922824,-1.4630653238217317,2.857091094357108,0.17135738165645384,0.6559280325750599,-0.0721303528440255,-0.49522460845942906,-1.2299129109448432,-0.05937949665242515,-0.6052552523848187,-0.12941758278997095,0.730936604740214,0.16443391581701083,0.6556128327839996,0.5072365876706041,-0.7395472188445118,0.6721115972708823,-0.10860973567606416,0.3675503732964459,0.05445817052517278,0.05694459376797282,-0.08843266822596864,-0.2914531314639965,-0.19126005545518143,-0.010654934288162209
P25,0.3424333943170337,0.13743181156366296,0.05891007354987934,1.0395598756449722,1.0059839223261224,1.0344282418645867,1.0955315462716855,0.9293648382173475,0.9426653752130982,0.9085017386329366,0.6349290935693683,0.6308371078112249,1.4194270361479306,0.9285471660796436,-3.0698559714607336,1.5274657364084328,1.191917273742307,0.10061297838353561,-1.236005761992785,-1.313472010650133,0.4066184639140421,-0.4511487451445876,0.6205401184119441,1.0021318554936365,0.8918343443896284,-0.8695187099144879,-0.6685868125374552,0.7497867480172475,-0.5577068217428216,0.7679226425113491,-0.0003601513975358961,-0.03346831350428111,0.3400316662353862,-0.11042642609032323,0.11049995131790087,-0.09939579725526114
P27,0.3716197089838138,0.12197762721031687,0.0334009747421525,1.1396746408852854,1.02765461131149,1.1287133548642616,1.0574273629886735,1.1076698603746824,1.096197344444813,0.9893586023615235,0.7525772263013677,0.758764646317824,-1.8660397210478608,6.360438559614369,-1.1228700205367783,0.7195623343591062,-0.4028498637812673,0.8450705869350625,-0.4616275060574171,0.12009262505524046,-1.0375728060432428,-0.42286197496400546,-0.1816509330934559,-0.5218138121252884,0.7270596652404309,-0.21381536381362337,-0.924768119914565,0.45229363308771553,0.23674694055150158,0.11139653499420085,0.08771415441883021,0.10590724951806543,-0.02193105967854052,-0.09427063902676618,-0.20971368968652543,-0.05165333681452951
P29,0.3039433876877521,0.2911848647619931,-0.04323868169046017,1.0836087609500669,1.0629109056546833,1.0975256086584984,1.156348229264883,1.0359597071395985,1.0616463249387156,0.9198598296595886,0.6932151253666841,0.7307353832408422,-0.24744653664907323,5.2142680001744255,-1.5084132884723753,0.012260914098885946,0.40891270670473767,-0.5966173165697995,-0.2950152330279877,0.10398718284148126,-0.1786978731687728,0.342459885801272,-0.05747547182761814,-0.3371879398479573,0.5028833920490365,-1.2547013351000516,-0.6844870615149333,0.9075054121689701,-0.6386760949659553,0.45141828832646813,-0.03589100431745622,-0.0022404843135973088,0.047772423157627635,0.03396896451748939,0.30854956436007197,0.00018480924410586332
P3,0.36412877882300176,0.16570151029582905,0.06088577285786231,1.0328428915039058,1.0098742881938645,1.0409558984058305,1.051066669983665,0.8393892618136884,0.8560654374237315,1.0453101025143288,1.2089485608345347,0.890299200268645,-1.0753761307944485,1.2251729228826562,-1.038122772455051,-0.19162829626442504,0.10145424089762199,-0.7739201301811076,-1.2612361408085095,-0.3466737198012588,-0.16648059741349516,-0.4704708499827286,-0.5392586643851913,0.05750048483512291,0.5129249172657272,-0.5354975611941719,-0.717919388974813,0.6106264729759989,-0.6257546078381937,0.15706157562083076,0.30049461803863053,0.16905057414406466,-0.1108651226887431,-0.2722876522742955,0.15931561303997754,0.11172015237425559
P30,0.24979993057898048,0.12142430677201344,0.11193945263118842,1.0843067523269894,0.9978546543082832,1.0964122856648075,1.1144343336806926,1.1091209404127516,1.1298332136051732,0.9459347405802826,0.874380314326078,0.8066907062963042,-1.9167936592810466,7.449182682589722,0.39774643321339814,1.803700628092359,-2.5634386628992103,0.49743961519531904,-2.2770180615755,-0.5128267046048979,0.43063057172450125,0.396408970760094,-1.0119860859047287,-0.3125982556116078,0.9289141246240966,-0.9931290167932532,-0.7289961872401459,1.090583466075264,-0.8609110113792647,0.11305993895966884,0.2562646599723851,0.38912331211901513,0.05636265652415637,-0.10466186780762202,0.4072418008513192,0.17255094255385212
P31,0.2164335789004008,0.2303132066673001,0.08230036509547003,1.1426984555310522,1.2826289280488368,1.14397175248916,1.28897025534794,0.8833094392804727,0.8840636387550397,0.832324320342821,0.5455260712092838,0.8118689196251528,4.079559066531682,2.401059489885582,0.6964783215728707,-0.3004560004218691,3.3025709174657307,-0.11151130958352481,0.1947196761049731,-1.0751700020793145,-0.2502879316497311,-0.8456246874456024,0.09284450445315065,-0.061788472321512786,1.250945670648468,-0.021418446861591233,-0.12479901262870874,0.5621372247417449,0.023570612685759742,0.5084898191536054,-0.26467357141174797,-0.02155570671808117,-0.05411548231727965,-0.17989397474520358,0.06939622283984845,0.015268215216637612
P32,0.18554549367629963,0.1872361589828895,0.12620516160442555,1.1018185847146453,1.0906924236285729,1.101709468627539,1.1458107462630247,1.0180417031461153,1.0346270196600713,0.9248321290708075,0.7904853069985307,0.8698321903675623,0.40494796315599,3.469456585423776,-0.008992049202099395,-0.5599374393758857,0.308292961199703,-0.5153999707962954,-0.9451187312644167,-1.0627393465076773,-0.7470093542160157,-0.35209257875784483,0.08367672846715507,0.0031289094455488817,0.25254165197344086,-0.5503166612677717,-0.4763799644954265,0.4725775090941906,-0.6179653782265444,0.31161640807652247,0.14726830352794734,0.11097795676497149,0.16444178940259996,-0.11294458690003227,0.04577003926296751,-0.17204323082857673
P33,0.21643087142194478,0.18225950447216488,0.08461532908571308,1.0758261858427236,1.048998021157432,1.080045410134903,1.0779225108150927,1.0139513318267537,1.0305398521843565,0.9180888402623867,0.8175169893636005,0.9065745197947799,1.2224260000801639,1.9657577916507365,-0.27941071551414376,-1.0467101757332191,0.5878713240391118,-0.6159604254409571,-0.6490039620003486,-0.3483370467006697,-0.449462908715106,-0.6138809791538334,-0.21608177075897533,0.2748086031642473,-0.009593913873508459,-0.4449216390457775,-0.5316228015750545,0.5174492360695214,-0.5776964646987948,0.2551998999805028,0.15991624757339779,0.07255279440262033,0.13180142426017286,-0.1339968505831498,0.1122750980440988,-0.10968167266025036
P34,0.2795571139826739,0.17425806199833804,0.09693641224104341,1.0527749588999065,0.9081593918895459,1.052168818926562,1.0041073065949169,0.8090823333415755,0.8210437398150549,0.9818703612396795,1.0195482479274671,0.7975598959540527,0.1684950660208132,2.305984889322588,-1.963897849536795,-1.4625484855915212,0.6718784986649674,0.5771695037273351,0.8884289162268493,0.8708093660845433,0.2520853626050187,-1.561494722298759,0.3671795111405411,-0.3597866563510498,0.09458305275891542,-0.6589756014661894,-0.6589124296470836,0.885363636169989,-0.4807222563014683,-0.051993853666746054,0.1529052330122737,0.03144075988956819,0.09145135274529685,-0.09081442949738769,0.19264750727644644,0.06499188426263554
P35,0.2965193861032549,0.3669702270492201,0.03183046836276428,0.9962277942099438,0.9566534079084195,1.001962699608166,1.0076776552192153,0.8784384846347778,0.8951823547173807,0.8872469895677186,0.6999927147745674,0.8627688243821867,2.2455238758243308,3.243321212125732,0.05486445148110909,-1.6105450844185205,-0.5152123199835432,-0.3441395604462556,-0.013198477610618708,-0.08095461781467825,1.7136224774376339,-0.9219467309036232,-1.0498727113872597,-0.105292634074924,0.34200870451510734,-0.9573014630541495,-0.6688202905075907,0.3493740165648275,-0.6813592623019465,0.0961802821161745,0.6100918065492411,0.4481668994642158,0.10386049642018323,-0.31252558366792405,0.01972357570862414,-0.1109017890458562
P37,0.19748517116878073,0.12169342387261564,0.028023795571321578,1.0665641765579443,1.0665564295719867,1.0666127771650658,1.1050029706416582,0.9209968016270399,0.929613685725027,0.8330617227327451,0.5245455151363623,0.8251376590746826,2.815436079685524,1.0720101559019974,-1.064916304439195,0.47964277161710744,1.184149805676845,-0.07223594542871306,-0.19412037222686568,-0.8249202648695183,-0.5309657204735968,-0.8759653939746934,-0.049243277863059834,0.08530333374355943,0.7959266156430006,-0.24573893620217457,-0.3225240110798673,0.4297816353663343,-0.4093269415397418,0.5540917822470364,-0.30326127985589985,-0.1313166759194228,0.03174975771265129,-0.11580314962919608,0.09959189741329083,-0.034041383571637336
P4,0.3563819562819607,0.17421690278616117,0.0980409054295227,1.1173556837857477,1.0652212988908087,1.1157222691447213,1.1421008282686265,0.956154975100205,0.964030832048525,1.0075355748864305,0.8547541175504003,0.6469256075812104,-2.3080235532148676,6.013602842090139,-2.602042632408766,-0.154121048504386,0.5332744824627301,0.23622678040632017,-0.5999878921711662,-0.6709022592985425,-0.6152758920125014,-0.8073384843048348,0.2806616974220652,-0.33206644488415193,0.5750974229045425,-0.6857661157073597,-0.6165785421147352,0.4946749264663167,-0.24980970006580286,0.1514851845138482,0.06487257769983201,0.252569516406542,0.07551018832652814,0.03333456246128529,0.01531066397350156,-0.2984000690783991
P42,0.20301488980739557,0.14332048410220743,-0.0055399012626829655,1.0141697407072447,0.9730238056456454,1.022442833537956,0.945538210527731,1.1028784941167689,1.122777817408965,0.9922755739788889,1.1595211384527953,0.7450594186119011,-1.7341996464469116,2.944106709943558,-2.9632019844310933,0.9541387093382562,-0.6518674277943803,-1.8006994979764261,0.5057586262405476,-0.3311219875223715,-0.2296986071959882,-0.037366294818569214,0.4231749777872045,-0.029785502177883894,0.06654002475361903,-0.24486015819953078,0.023053306176890054,0.3856869013321491,-0.2930050398415283,0.37866304750227797,-0.37664077397877277,-0.0480622178904616,0.08372213298077098,-0.027086998795504455,0.08075372249189475,-0.14461516299379995
P43,0.42765356516479347,0.1786701725310293,0.025858534737200164,1.0421564773229208,0.9552435805244032,1.0550231103490153,1.0975224951782159,0.9134100858933836,0.926053332864073,0.9334101175242806,0.8346691568849292,0.6426275504023515,0.7688234700940384,2.352073437777531,-2.4623217963329775,2.8013237238305093,1.6129861039929654,0.8796396950753103,0.3154772198220366,-0.2683055656477875,0.8193701196320831,-0.31647105077545323,0.059650763507174666,-0.03314853119145089,0.6078818459656824,-0.6962502364914873,-0.5468123015355434,0.7581908452348898,-0.2654902782661985,0.5423941086043085,-0.36840790659241923,0.3689532643441056,-0.6060413321912386,-0.04574639558399912,0.46238471842827233,0.1985347749091126
P44,0.2227646929086945,0.16176538904141557,0.1846116364244833,1.1141082001043812,1.149132022120019,1.121516537562412,1.1498306753417795,1.0697651483152901,1.0760821186875793,0.878390894685541,1.0368693733172134,0.9415186958251167,3.199016842468951,2.8855806224251594,1.2676752827863011,0.41160168918675727,1.378485971549038,-0.310897263337702,0.15581043218124144,-0.294196972588837,-0.2670585580911621,-0.07491690890669071,-0.27086302878190316,-0.10127695520762749,0.5275584986629499,-0.15608592322888656,-0.37477536077089685,0.49100565538330665,-0.12274900265917567,0.2521705884303975,-0.14845535601969242,0.019663817563887593,-0.0036505855597256665,-0.08806272221743847,0.1571248833730265,-0.03520088766613333
P45,0.23691510851771674,0.1261874114232738,0.049758295660301315,0.9882928078131411,0.9744019970948412,0.9776943304751593,1.0960112687549708,1.00976903926967,1.01412351040702,1.4048870108854934,2.226372257434857,0.8137486765832289,-5.611120242530427,0.09379813485997635,-0.42585047687804634,1.7516641475585124,1.152862844809015,0.7851227335659687,-0.09145051224541012,-0.254704193346142,1.4539116527315106,1.722950525330079,0.09577085693589284,0.874425156612679,-0.3626052686116941,-0.781916358596362,-0.33680674087228535,0.41347886255949273,-0.30555845094742307,-0.5363318333528374,0.13334455653518565,0.5797805943637167,-0.1379213091392418,-0.2030644920548553,-0.06178417810889256,0.12494516597590119
P47,0.21210286914261672,0.20103457421845855,0.17334315267514874,0.9733607614113264,1.023013826643789,0.9760979048411478,1.042427847199305,0.8036722007673642,0.8242499659637152,0.7806042078733555,0.5246871189146756,0.7106900174303241,3.625952302001086,2.64279426905897,-1.9920337821299992,-1.034110935807297,0.30113621723803374,-1.286244115165661,-1.1562055621342513,-0.44820694056995125,2.1967773006215987,-0.5189403198196078,-0.5446117924819143,0.22368507088354553,-0.09440120693636497,-0.7066450931970132,-0.7588909129115983,0.47020022898536706,-0.7258690736012952,0.5177287664140351,0.2830200692392373,0.36507626203218335,0.1614501942489991,-0.3473780992957102,-0.08083609466316041,-0.3136198002956132
P48,0.316931015695184,0.16434715728986904,0.12175225168100709,1.0355447688377843,1.0013482751734035,1.0457637643140356,1.007069740864873,1.059134268533658,1.0680292287359072,1.0260828816902614,1.634155954909422,0.9038803564550016,1.2061025026959895,2.96296045758283,-0.3701110532046419,-0.2907994924637364,-0.15824166970377374,-0.7188571320936508,0.54118225192421,-0.0979048623253975,0.07630836590036516,0.2463038227201616,0.12467921532360317,-0.13720703886987132,0.002802827072727415,-0.5086044029171581,-0.7626769022904483,0.398782396420173,-0.05229258739264765,-0.25132906917594067,0.2699798297077574,0.17489492943100948,0.03441508713593078,-0.43614345871976834,0.21144670087843523,-0.09358852114956485
P49,0.3190726848339769,0.13610154321650636,0.17483896767962015,0.9581536302058754,0.9743492487295194,0.9294193887350608,0.9712695689786043,0.969234897873996,0.9572629867154554,0.9006508340594016,0.5908241822144544,0.825736855802159,3.2142326741712903,-3.0809347006711163,-2.2580095790627563,1.528893321749667,1.4122280102710871,0.6929662854937122,0.4708178361598836,0.00813469539279046,0.6717918465784144,1.153734432677339,0.07090315953126855,0.8054222362781212,1.1857529892128882,0.4964998406350305,-0.4046268530643583,0.4856657936291613,-0.08507903918012455,0.5814567160602213,0.1884998791685395,-0.15958784687228778,0.21302269440539823,-0.41950811393452725,-0.3546092182929528,0.02559137229232795
P5,0.268506981770339,0.23390763542070914,0.10603933715844535,1.0946483476037405,1.0727743301431911,1.0783378507938828,1.1657612431813753,1.0787995261055912,1.0698510761007207,1.0641486562926166,1.145620668712254,0.913058086766998,-1.482696727981999,3.2992845348716635,-0.40775855349172024,-1.0282033680630966,1.3839033820347506,1.3976394081970582,-0.15712693691685659,0.4504072710858051,-0.389591126953536,0.8045016148223261,0.9716716493272721,-0.35270737426563414,0.0730813487323495,-0.34520025602052895,-0.4266908352555767,0.29086938951938923,0.11159719868771673,0.054811752619476906,0.6995659121910676,0.010067404260700363,0.20872168119682447,-0.11554573659678549,-0.021029250857697745,-0.12065749706741014
P50,0.3569921780236118,0.28022264421583976,0.12630379448206558,1.0108062307161956,0.974727329568884,1.0078970713714406,0.9918542811224371,1.0196633392694499,1.0171222899651442,0.8738410250551342,0.6259810724207326,0.8293397721026547,3.6449959783277612,-0.9918431425731675,-1.5330106479444554,0.005196260271238096,1.3627354559095162,0.3881225831499004,1.2346837858855988,0.32465756392262596,-0.008368861633891445,-0.25388156407559603,-0.43857496512500616,0.709865663946496,1.1979696754849265,-0.1545421925828655,-0.5027523138683817,0.742027699178959,-0.0414148611127317,0.48462950817112715,-0.024602299456605504,-0.054150281016958735,-0.03794744100503802,-0.22937690316527498,-0.039626901166348545,0.1128748512653132
P52,0.1360069250861094,0.15546377025565905,0.08506107365476576,1.0844103635093423,1.1839371224406885,1.086914742971545,1.2198541489306454,0.7955568746419526,0.8075932500906202,0.8330848529988253,0.5552444663240608,0.8027598961389276,3.4682771105255754,3.2414471276225036,0.4846437812756934,0.000832488252336061,1.668142002784851,-0.49121066087924475,-1.377103347998219,-0.624627630686955,1.2772984236302998,-0.3671361588308243,0.0004356629235219289,-0.10931707963673032,0.6757005394719396,-0.5612925586054364,-0.6058285143099058,0.821030599256225,-0.4440153102692975,0.29143464002674613,0.2803598313975104,-0.023623998883634555,0.13880598921601395,-0.19604198948823753,0.09426270432236296,-0.061778442530680266
P53,0.6689251462056971,0.45654087032977514,0.43285715538003006,1.16825670922039,1.1795880051724137,1.1500808712143928,1.2528819476011996,0.9973036600449776,0.98010155,1.1784589314092953,1.5294119437031486,0.8971843762368815,-4.152750302898052,4.816389285804348,-0.1587275116275862,-0.7404564508464017,1.4535107178187476,1.814747867587706,-0.1388194109029236,-1.2604196725999999,-1.7044618184392804,-0.41840997602141683,-0.18254835669842578,-0.0927591138538027,0.6068677778655922,-0.000290795668365873,-0.2968799573785607,0.26795544546064465,-0.007474181188036,-0.1450976653769865,0.03763622658136434,0.11705924823688904,-0.1960639107463868,-0.058849802027578724,0.027225466326679187,-0.02084552465380058
P55,0.3321694069512101,0.2550290082794988,-0.002787450999736249,1.158855031870563,1.171087609746888,1.1653211820073908,1.2396351274827548,0.878404313415806,0.8923957863388703,0.8687329579728624,0.6875832966744505,0.7674053670261997,2.208620843582466,3.6212685801918982,-0.1930875867735467,-0.6522088046442143,1.9706255645678423,-0.38391317659039637,-0.6414641074404137,-1.1507242152382045,-0.7205037182885505,-1.584844152691121,0.36405538066692095,0.10020299039583921,0.9611337150545267,-0.2730818696416611,-0.4909712358716989,1.0342341359330265,-0.35934788302744647,0.39689164440507985,-0.13972924247236038,0.15802461370766518,-0.36340900889061417,-0.18674864206094682,0.2562399683541856,0.052121145406515815
P56,0.20060553784578916,0.15922373832049513,0.05147115599216048,1.1663457529133634,1.1976795657420487,1.1691955514306434,1.328045084932636,0.8804269182028182,0.8846684592152011,0.8820004837314769,0.6199792908680379,0.6883801131646325,0.11554646611420633,7.894813105852286,-0.2436263933215101,-1.0265171254899452,1.101295574320658,1.0497628275006243,-2.5035418054230227,-2.0082399430480797,0.17122355560969899,-0.8007182998999154,0.13140790304018105,-0.5681899555634072,0.03147866064445931,-0.7726707105542842,-0.7688710908461036,0.34565709908659115,-0.16400343565068998,0.5099812657514,0.5300509224445578,0.47391163745187803,-0.19719975854165506,-0.18132578778254393,0.2895688096312808,-0.43173270882920367
P57,0.3467764131135091,0.2596754860771871,-0.027222580319464146,1.1218466770218045,1.1419990763356749,1.1432923047781305,1.1751651662509313,1.1281101005447796,1.15318468544793,0.9673664659812021,0.8785107786807551,0.9531771070053081,1.0154566216949383,2.82214245225014,1.6327624668173981,0.46507963411386244,0.8227111047281024,-1.5128524940765686,0.5886933309778959,-0.6310410444498573,-1.1543634553116608,0.528211627058675,-0.42012335132865386,0.013523818791246773,1.4055502627305017,-0.8676501139825608,-0.380943182439278,0.9644732180322553,-0.40462035862496926,0.36279178607819396,0.09347491536828197,0.07456416868322283,-0.41974229705454513,-0.2504576706056346,0.28273570548428517,0.20861746853797042
P58,0.19276937205899178,0.1298349159369751,0.058153738447345234,1.041224162544343,1.0494761706576123,1.0471703432055401,1.0849516567656503,0.875212021702103,0.89823564792193,0.8853438791022294,0.752317017756303,0.9581649543426028,2.3833350435878526,0.7772087197247621,1.0345364434559752,1.1522160892974385,0.2798399584226771,-0.7604833817799355,-0.9001294874223091,-0.11539254707145388,0.41077929082578407,-0.4066548283413176,-0.08356642784568938,0.0687941321910584,0.87444805359896,-0.10940082592508847,-0.21881906526573874,0.7086401046189628,-0.9723216009444167,0.16825088577634523,-0.15943867466551997,-0.0002151633131542586,0.24710013324069185,-0.2393235038622608,0.32572692937786674,-0.014151693280109026
P59,0.40750695275653614,0.3015607958555023,-0.010200214401979817,1.107491446352421,1.1326956194781597,1.1116741072941076,1.1597723997588976,0.8618570782333351,0.8660190405889683,0.8997447543282561,0.6653102304814257,0.8038770558405512,1.3699263262024917,0.8561869892924856,-2.4896418106320586,-0.7307268545755338,2.519356660334744,-0.15794451470575668,-0.13034089474972888,-0.2536367021317855,-1.8513582873566992,-0.4930088463392841,-0.881421988141055,-0.1515325561525805,0.9573374399884552,-0.38270768003447986,-0.8466117113470457,0.7055482768796556,-0.20053616202611219,0.5116435744638763,-0.05356700132707727,0.07566480048338534,-0.30471854844091645,-0.1216549958829968,-0.02665426509182431,0.09433129767202299
P6,0.3400515700014676,0.23857140251982245,0.004774647339978559,1.1985662419773009,1.229098044959455,1.1945259642316837,1.2477978845223767,0.8768115179455043,0.8771908432587533,1.1328233864619164,1.3662597368394855,0.6131995028351085,-2.842789242932316,6.0974392327527065,-1.2191425331535715,-0.4884806473806299,2.86359511760863,0.05132029308081505,-0.18138381335406364,-0.9679471631700469,-0.5536331679269261,-1.1891341498051202,0.04684343165353634,-0.21880248921221548,0.35657379342319706,-0.11802631536156588,-0.67477892124526,1.0206782891425439,-0.024700042212996313,0.4513588253381776,-0.14092646878226006,-0.1062371426734442,-0.031712632664092855,-0.039330997266964984,-0.07352779774161272,0.0108690112663186
P60,0.3103368031073236,0.16437728780257727,0.10180728237868575,1.1303357571307666,1.1438587427515663,1.1328717211802828,1.1404195582806282,0.9194897286207844,0.9193637731394058,0.9709700220557282,0.8310510920735905,0.7219120725635599,-0.43017234037124785,3.220307844624709,-2.145986904755782,0.15906900015743677,1.9571391971714738,0.021324299291800214,-0.22327621252656016,-0.5536541023821483,-1.183485903246542,-1.086566372637089,-0.29430010595723766,-0.19303269140532694,0.9405397302262428,0.00689400104465562,-0.3733727302482702,0.4891693643357832,-0.0020332090514943897,0.294084055167962,-0.17055498438218086,0.03429398351937838,-0.0017487164351929641,-0.15399623821655437,0.056737658944099,-0.09536804148668063
P61,0.47005510987370513,0.14980329303075735,0.16757541743057733,0.9674310476125574,1.0584256949195856,0.9701084064473446,1.0404334322583026,0.8998276425622417,0.9213066243753123,0.8377230745735087,0.47752111795522695,0.8621045751044931,5.040657189058879,-1.8919252813582612,-1.4153302286834084,-0.408215766877179,1.9206654662265392,-1.5941763962047586,1.267937067362495,0.6151860434076426,0.5630677955112874,0.761071923153925,-0.6943320666851858,0.6426691305424334,1.1256745826508623,0.2747746268670432,-0.904174952548896,0.5465985202356761,-0.9136369455855198,0.13877529748996592,-0.2249212619204773,0.400340710602923,0.018730101467819497,-0.4196110432302854,0.05903605348867669,0.06682414848162652
P62,0.16869142809580706,0.13139075545606826,0.15585844155334416,0.9548358575811986,0.9022000873525444,0.9517297658626932,0.9233771167431315,0.8338878614552723,0.8356835310016694,0.8515162081748019,0.6138036092325638,0.8029812696634486,2.171739512235659,1.130421246753261,-1.6888716155518118,0.9602466093494539,-1.0431884136822378,0.5608414390850571,0.2645413561125005,0.8945217509546661,2.2484748430924477,-0.022504163770717664,-0.8845708789254767,-0.15694386265236795,0.47643871352418765,-0.6910787069611997,-0.2762903475968267,0.8744527922354628,-0.1907367897933724,-0.10406919885085168,-0.20334700248273127,-0.09874743537163115,0.39753096838492574,-0.11882450292265098,-0.00807466855571852,0.14898700185679875
P63,0.40260423575959187,0.02115900218333548,0.22445787443457493,0.9491516617584963,0.9470547770836875,0.9539141414745005,1.0088939334584857,0.8205546801549795,0.8411549883055514,0.972858896484085,1.383869888227212,1.0052853765732295,4.787667041369316,-3.640512461029875,0.7363523565759046,-0.20595155973669343,0.9088048431542775,-0.7980921233303716,0.5429475564379314,-1.197586945147315,1.1668872409283433,0.6758584430353805,-0.8780112947594996,1.0545200057869526,0.833472007868534,-0.5926279121559909,-0.8079674588219464,0.8132629599733285,-0.8308287923643549,0.1008427141535932,0.7576200082700553,0.334196529051479,-0.21778782193052562,-0.6254600489469158,0.17929213282778095,-0.18421800523555928
P64,0.4208993528985211,0.1820650771265303,0.09720582241585345,1.067090585904464,1.0269015748258208,1.070293963875414,1.1500216923411122,1.054604280736997,1.0723565847504504,0.8632864877161307,0.4567623230902026,0.5540672576006753,0.578879091701149,6.309809638715521,-3.845354026417539,-1.1650511776615873,0.9120079677290146,0.16791627872731196,0.6415159514877374,-0.13020970110888855,0.27073096313694117,0.20676955774266478,-0.13298113101359393,-0.2137795940086952,0.5404823915491361,-0.9030868899757543,-0.9925745988579804,0.9589537924560128,-0.5664629563666889,0.42749309222018994,0.25491991060444674,0.36721573590099577,-0.2464887077628816,-0.1100320508269737,0.12346022643136573,0.06504582836154736
P65,0.28006453983051494,0.15618601378819133,-0.07980393998184589,1.0373047974548388,0.9513869262084785,1.0471392214862703,1.0611338740156893,1.0605955472490531,1.096457739080116,0.8260208953563961,0.5160048424294521,0.6874760660023385,1.4928742655203635,4.996471967006572,-2.2334624154542144,-1.7232468936016376,-1.1468831188106643,-1.0603636543975556,-1.7336956891516095,-0.6178028896567918,0.712677315353951,-1.7300965355629154,-0.028051052288494853,0.804015652641989,0.2118997976456885,-1.4777643974154357,-0.7374185580414168,0.8501013641385222,-1.034302525274342,0.38194625252080966,0.12790544946749008,0.07375301253169966,0.1098424504953821,-0.36238894812535216,0.2894885388508196,0.12489298104619978
P66,0.3794336904178487,0.19132138097702556,0.11973990141763607,1.0646124871029317,1.0420982420126301,1.0682398676358735,0.9604210969186986,1.0321572096242764,1.043819609902922,0.8772105345937158,0.6970982705468397,0.8425311948355236,2.573732452073833,3.0554803126069205,-0.5693413422238782,-0.1399757027097413,0.8393789074048545,-1.4921888870735343,1.7275604567137366,0.24569503185338276,-0.06647122360691525,-0.5335250439919521,-0.5193293133934197,-0.12187680671073559,0.11411500657953405,0.18841742996981076,-0.8618521341810264,0.663777171606871,-0.2794995178681522,0.36152305149071223,-0.42691724909603407,0.04782433380429593,0.297667491709137,-0.2629636799230727,-0.005058013210285761,-0.04078575123690577
P67,0.34664465225697494,0.14853579093098107,0.12383805583647522,1.0500516529960797,1.0154800975961333,1.0491411453625794,1.0420476851583862,1.0229508950100716,1.0464950300765832,0.9974368587681308,0.8588260462761805,0.7685056762135398,-0.15940618882523527,2.5383637555636795,-1.0460169312529808,1.3641213359149469,0.0974763053728222,-1.2761498921504264,-0.7334947299467527,-0.19189540526404825,0.1604046480039669,-0.19719153947428394,0.3872960277886484,0.5158542456964378,0.9450293669014729,-0.5884205063955217,-0.711611453814096,0.5142675019376242,-0.7327855287529409,0.4038984610979789,-0.21017346631227907,-0.013229167424964314,0.3929841079873627,-0.3969764791003118,0.13600003759861948,0.017658624653357373
P69,0.10174908573594763,0.008666570731188475,0.21909386084630078,1.105306940231096,1.253713692354898,1.108714129301187,1.2339623529632378,1.10864128117167,1.1113194964071762,0.8309554207496754,1.3979936225292702,0.9340909689083006,6.889676211364596,1.6656508193918937,0.6941495051934095,-0.2821226689193965,2.054363389731099,-0.6372102037007997,-0.3040478955678282,-0.9134732447496439,-0.23492970316718645,0.39123497553061626,0.41873137932763815,0.2435674486769137,0.8735216910693916,0.13322925978382852,-0.01825366625148442,0.468739224382853,0.14323248435048083,0.07616981489106649,0.15718656063829978,0.1332476805697126,-0.03130647444940665,-0.16386871427441066,0.05280900587282586,-0.13411848480630756
P7,0.3564580026147745,0.1251634994522965,-0.011182146679342003,1.0817864204947234,1.0814588110943069,1.067385272202057,1.1032998534381933,0.9334646282348593,0.9306020352087114,0.9213892171002218,0.6528416770619077,0.7486310157760301,0.24289511269181857,3.6767149008659006,-1.8497637529808126,0.42605258581890804,1.0694898088538953,0.05847012690825769,0.16156578990325232,-0.11696754688232407,-0.26929257853429456,0.2752604334151691,0.22283481849415676,-0.6831522666802279,0.7833490082885521,-0.38075214794520396,-0.5766646814126101,0.6207399610526315,0.013851092169155406,0.14838585899211898,0.2986703422832318,0.03521057962999661,0.16707397007626135,-0.3038865063978753,-0.21487055601469954,0.04253414722463429
P70,0.40747743484796844,0.03909234938201861,0.009847317536331706,1.0098147231555386,1.000504249989883,1.0087532653006805,1.0570272402815384,0.7853646754514914,0.7805858767741594,1.0575990948261935,1.2950685414561756,0.9560590364588744,0.9827120321223299,-0.582550301014475,1.5011537651211755,0.9954384597456271,1.2599745707196452,0.7440872072610941,0.31672382684522626,-0.6227552880476879,1.4007784602740385,0.1078428121877073,0.4188640462783365,0.05070416831081659,0.3381998295500922,0.5139459100808593,-0.2261346495722692,0.5393507556930067,0.08296303126286314,-0.17295791695860047,0.3060784434658715,0.6136868242814195,-0.424705915741065,-0.5449501309863634,0.34531625018465023,-0.07357088430347952
P71,0.2773656836563375,0.14789434742563407,0.17733774727677376,1.1224180526736298,1.0900938123672939,1.1198217708947293,1.1921048813891626,0.9751128474590316,0.9949044313812324,0.9491588367913744,0.9145823892881344,0.8579134515005981,0.4540585941816934,4.528891009529392,0.8588401012442486,-0.43840081185273305,0.6175825580014386,-0.09811868972161691,0.30787107889176857,-0.9765812095196363,-0.428024633659023,-0.5674173122989605,-0.22241044861559456,-0.33706399121264397,0.5590746391607305,-0.7313661032000631,-0.4646158113538037,0.8336972503654394,-0.8835749667549273,0.3848521382258382,-0.14559980718866367,0.10448657735303718,0.01012416939902699,-0.14307228643110764,0.05518574390815261,0.07871638719839322
P72,0.4946849733443732,0.151900649752818,0.06426134284368643,1.085464440121065,1.0400031049004912,1.0996525151298238,1.0599840470435158,0.9680932931413275,0.9738558458134448,0.9213900653765206,0.664513231912833,0.6179440565486037,0.5308043091678747,3.365844443204156,-3.3978812818373525,1.3027530243737222,1.7083774313856508,-0.009917832983435515,-0.37293449443686666,0.14379078726153793,-0.1890055643320449,0.08109163244710024,-0.5671301205231121,0.07590853207082841,1.0788251378580882,-0.6216822723067941,-1.1827023151883862,1.1256573770196627,0.00765288723627593,0.5627081579173752,0.35788085343249637,0.11080239543468534,0.054368697654313985,-0.20003756598603012,0.27456816268683437,0.1482391120142053
P73,0.18684893447676956,0.09866463017253413,0.010669450897259417,1.0920223239976632,1.1516226157120517,1.098824344642916,1.2099360555931706,0.8620643184140393,0.8823610638493853,1.0451528452653678,1.1404099038650592,0.9942558044811038,-0.02877015633488683,1.9317644152731281,1.2552052095823258,-0.722536910659888,2.4893154148375687,-0.5206547519822547,0.35378296418960986,1.2969416520594517,0.27646442597837956,-0.2355431223741546,-0.44376257529447566,-0.7951117938019452,0.5892629772663653,-1.4652178504526914,0.30292066861208755,0.2981963220313799,-0.6456732958128781,-0.25262685453311573,0.19758493652364045,-0.24580066936147402,0.47987205898675345,-0.01734486117698883,0.08429488221278435,-0.05404575013399729
P74,0.5300089100559228,0.23060047187937116,-0.06407603689761013,1.0587064263120616,1.0069638255827142,1.066478965333044,1.0420388304696817,0.9734579967362746,0.9941485677339431,0.8892333263474489,0.6379632297731561,0.7065433461522106,2.109833981493634,2.197028009024436,-2.0138429280222065,0.7535525550734906,1.1787540310627704,-0.9285631387300612,0.4295352935130463,-0.41190026047171424,0.01696332524439121,-0.32147702506895526,-1.3704212654547747,0.38497094219797234,0.7275122590173665,-0.39677855357186187,-1.10663301997189,0.951630017983264,-0.8535281399599433,0.48245991656189813,-0.07695647408655239,0.3076704804671421,-0.29556282879426493,-0.1045372589051423,0.001368493123388874,0.13645264955011047
P76,0.21561922065172756,0.1771605489547233,0.2509337867342226,1.210831616669333,1.4057471070423806,1.2041379285758858,1.459748155130435,0.9757798718337669,0.9626610124963788,0.9194696003913154,0.6457814384628889,0.841813902181187,1.5948089641344532,4.20220463259538,0.8173967301714319,-0.35404560005566676,4.107778677015831,1.216980671505135,-1.7109173772172457,-0.19823756803523462,-0.5856745812965417,0.14437076364469553,0.49567186668140173,-0.29325297790582194,1.0811971010092378,-0.008584481161610535,0.1350888022534022,0.3773536522390427,0.41434041256841836,0.2571965037848003,0.1116021523247766,-0.27784274795838704,-0.20331014768997702,-0.042639097428866964,0.025600864000399078,-0.22145369734319148
P77,0.3476476812042933,0.13372950020886265,0.08666190405573221,1.043877578620906,1.058503969393944,1.0382249070525904,1.0715118912828197,1.0192442580879124,1.0298482060501284,0.8570543077363346,0.8533719645001803,0.6690113448329253,2.9305565223300754,4.219972765946452,-1.350430029209004,0.5225942045662619,-0.13357634123385098,-0.5225650644023369,-0.7261646617441663,-1.2680375362800969,1.2495091104233305,-1.00157394382769,-0.09681625115332312,0.778930300634216,0.8698075090810103,0.06249573478558937,-0.6162191699183368,0.6441593323359605,-0.5467050396720703,0.2523911978833229,-0.23349487876515945,0.34778148308341833,0.19838137142647128,-0.3114171225008085,-0.03186788104499344,-0.036515509248626676
P78,0.2885331378134957,0.1784977621735877,0.04148620423595231,1.0868140267630062,1.0462587921548425,1.087349021622925,1.0564535875021677,0.8761495092931624,0.8857893518625928,0.9375326016668926,0.8998972359555684,0.8631485778012765,1.3546282201626032,3.5876623986703153,0.6804730783624482,-0.9523965954979108,0.2829822099629719,-0.671936461499059,0.5416702341782934,-0.39016634150418644,0.18106571797144705,-1.5820204324598985,-0.21109368018373675,-0.14706107580227107,0.6426266869586496,0.008373735432985668,-0.5518785870416469,0.9478026501485348,-0.34310325734675595,0.14680241170043726,-0.13060548317605328,0.15446185551924602,-0.21288527431538307,-0.46166437586702047,0.04288298793704348,0.06495031752825205
P79,0.16707733545817174,0.09961568952753033,0.09018553392903103,1.1716830919857597,1.2259841641288531,1.1736597252969676,1.250262919445714,1.0999205371116658,1.0988903242709043,0.8367449671512937,0.7460453084884414,1.0825371472821903,3.778539380917142,3.3202197631153445,3.68537049710534,-0.13132117298217644,1.432821240361442,0.559892968885119,-1.1171357695152364,-0.6546556143945115,-0.42524374045651886,-0.44841384834601705,-0.702770487246398,0.01725341273333912,0.7065068248469841,-0.4042275731139895,-0.15964386076045922,0.4991083126653808,-0.08865545101242533,0.3177606249659448,0.14534549029357458,0.016728277288019223,0.18079265268992917,-0.23275033997680458,0.10081371599200815,-0.05382871890616154
P8,0.23492855981088212,0.19993164704818644,0.0636266454311659,1.1606566246778485,1.161098841482127,1.1605325343558506,1.2944091620885594,1.0671497870144717,1.0744626834856579,0.9659915961873164,0.6853769151760188,0.7030931276235821,0.04125822135599319,6.1349144888660865,-0.10539057800610718,0.87331512049183,2.0437341338373445,0.9771785328118022,-0.4195152660989929,-0.5946538674781641,0.06328023788109932,0.3237249222225591,0.27005735467885383,-0.3449138837321291,1.095986154049677,-0.7561445436531613,-0.42006179986966075,0.6448728020861969,-0.27360210308358623,0.5395310620932021,0.37579098433206704,0.002735982486973404,-0.28745654125165077,-0.0762932302714525,0.22369637869458903,-0.09394062784703376
P80,0.2958744936585954,0.1815734136281045,0.0757857108571892,1.0755787716934782,1.0267545467854147,1.078939312108539,1.0903359225241536,1.1592420722274328,1.1721138282457335,0.8669511638267557,0.596300453173831,0.6495290541645513,1.2899754467678837,5.40756229207002,-1.3746857239322658,1.443787505055544,0.000964551740856006,-0.04835193081239106,0.36614774625836943,-0.5555220590086505,0.24432612403543863,0.3809172623963222,-0.34240406656309985,0.21834864336688273,0.9940940527210667,-0.6387047686933669,-0.8985411621823002,0.8939671456009934,-0.41821807922564136,0.6186791490795748,-0.2750160430631983,0.34503281246161,0.04328892725082552,-0.10798606861415903,0.11441235513897974,0.09077736633654127
P81,0.38114275212193893,0.20761399773281736,0.021925568578361764,1.043895741738321,1.0247906497787325,1.045310777764711,1.1614915889363966,0.965165352152489,0.9829072552191935,0.8204853286969995,0.5333843450854489,0.7604608238037497,4.143096210370322,0.3658172157330192,-1.3196854364601909,0.3295765144108891,1.659018050258087,0.48218762607728294,-0.01983621201911575,-0.6792024534381641,0.15826502985699561,0.5054802786088063,-0.561298513240269,0.7619316163840877,1.2713414198151396,-0.6208968851357051,-0.9567159955580744,1.2837579702812818,-0.8725572529907185,0.612820122475713,0.2751669420632177,0.31826045256944757,-0.312982535062329,-0.18156352967073486,0.21350985729374308,0.17039140198467292
P83,0.38384801436300797,0.2676133819343796,-0.019661028750903385,1.194146614963698,1.2099898534165927,1.2074956824355456,1.189931303492441,1.0089960749258051,1.0285161065039015,0.9079444601177258,0.7217214645708743,0.9127928098949284,1.8493794867971014,4.280228120287274,1.8056852268509698,0.8688208995822965,1.718017822340429,-1.6405785228691747,0.26738942152534617,-0.6815675576379393,-1.5957681106347723,0.2535540176837358,-0.7112568981006387,-0.609386025741808,1.1518016338247106,-0.03652356678924704,-1.1300206880651085,0.7850420644346426,-0.5669975300855883,0.3337297843662139,0.10896613467083782,0.4251767285309371,-0.23605698626975452,-0.16894408118923507,0.06163857017099586,0.10312482514104213
P84,0.26714026595882157,0.18088726582374726,0.05754810514743394,1.0294004413418483,1.0662314565382183,1.0465692873725292,1.1135506956340437,0.8892436600157079,0.915061360460708,0.8759326009440536,0.6993755342025825,0.8230494400324092,2.0434329486790905,1.7120001606444855,-1.0544662850676867,-0.05580648466928617,0.6741864896360366,-0.9746164703891609,-0.9049797377808511,-0.3651158384352967,0.24759411633655254,-0.08923973052885442,-0.7543231296240981,0.21546630134242187,0.5534594949437623,-0.7906263735799977,-0.7754222446685508,0.6798061495564489,-0.8065191733224715,0.3334517738547132,-0.0908638507923783,0.21730468640862488,0.02574753317866431,-0.16418681984666192,0.3157973484553411,0.007556519686347362
P85,0.3757722025673417,0.20518920124848317,0.047850052505462225,1.1282839594173275,1.0592130008682776,1.128708703449231,1.0921243743060463,0.9559226227451523,0.9611385243036584,0.8739086923125418,0.5855444064581146,0.6916087613831311,0.9412325593201654,5.799673820847267,-1.6494777419870994,-1.1235930999382386,0.5200266088851181,-0.12362600033132726,0.04397345795360874,-0.4649128512305397,-0.48387558419337007,-1.359929920802365,-0.3232341277432592,-0.29926620390030995,0.5795901431715895,-0.2359207223727395,-0.986950048951926,0.9221562036242037,-0.1801151709486779,0.2717924350153018,0.14987659906257284,0.24837657405723768,-0.2273524975189216,-0.10803974161428778,-0.047007841782857794,-0.010287315231201022
P86,0.4567012837040527,0.17280605860051473,0.08165543921358376,1.1349360619922133,1.077069731708487,1.1302121206841562,1.0739601871957989,1.0926547024229227,1.0939589436691806,1.0750864915118314,0.9807231894506496,0.6957196101830312,-3.0223771215766853,6.184207905001363,-1.4795989307739958,1.5661928085772776,0.3279182679296353,-0.3233423201413856,-0.3018512514923487,-0.27958539687427963,-0.8315713272003082,0.413932893872065,-0.08839671504718287,-0.46451637337245266,1.036576840432816,0.09674937501003691,-0.9267295410194911,0.43495913669964203,-0.13364112371209277,0.1106684533178611,0.3582243863588609,0.40194479197892885,0.09779687335663165,-0.2969815892860779,-0.06181298866463808,-0.10712330996563972
P89,0.3523085297486306,0.17153685514110967,0.01229250244966401,1.0183085589674616,0.9139085227842416,1.0348207349972527,0.9548261353731676,1.0106672053058432,1.0300674709911544,0.9295547634358496,0.7408116925583084,0.8423308654050681,0.7665006129561585,2.354227224883532,-1.4778083229770673,0.4402212549837963,-0.34747718693058566,-0.8366090755074336,1.67923541539587,0.2498924446353784,-0.34413703938417767,-0.03656961710159534,-0.6730692811515222,-0.3910875101552952,0.5134181083630931,-1.034088506334705,-0.6993756943288671,0.7581357296255651,-0.32523569758173143,-0.10072365044438181,-0.11382768249891116,0.1649970626586748,-0.23278306543811872,-0.3123827477795285,0.2406174431319791,0.182167316977919
video,Pitch,Yaw,Roll,inBrL,otBrL,inBrR,otBrR,EyeOL,EyeOR,oLipH,iLipH,LipCDt,dicCoeff_local0,dicCoeff_local1,dicCoeff_local2,dicCoeff_local3,dicCoeff_local4,dicCoeff_local5,dicCoeff_local6,dicCoeff_local7,dicCoeff_local8,dicCoeff_local9,dicCoeff_local10,dicCoeff_local11,dicCoeff_local12,dicCoeff_local13,dicCoeff_local14,dicCoeff_local15,dicCoeff_local16,dicCoeff_local17,dicCoeff_local18,dicCoeff_local19,dicCoeff_local20,dicCoeff_local21,dicCoeff_local22,dicCoeff_local23
P1,0.12762347053888012,0.10976086511286641,0.2501303850226435,1.0767308427242408,1.220953617693523,1.048969599613832,1.2329200405476568,0.9775684770932069,0.9498163954713007,0.909655307179217,0.7826325959276812,0.9186936987888361,2.139096516327892,-1.6004318351676323,-0.7338773723756362,1.4020465042498331,3.2354613446089173,2.409699421297174,-0.4341121238104266,-1.4947646214758645,-0.7993176686093032,1.1509865238237669,-0.31019477877900653,0.09120216399708622,0.4261033199799544,0.7792061777460066,0.41116419644612956,0.15615329552395996,0.39934579660101804,-0.05130465229422502,0.11639069342354222,0.14407827110702123,0.18427691907484645,-0.1736008219540109,-0.17809755267965596,-0.17507076071260314
P10,0.3392468498903606,0.08750421531756965,-0.12215901249081354,1.074867195180311,1.0302613492565376,1.0732204009571016,1.0505564529994873,1.08352246957785,1.086311642368826,0.938265794821398,0.7899729639377884,0.7582033778841224,0.8579350462597847,3.2389297891120323,-0.7978766503423917,1.3627868830706718,1.3916583738125108,-0.054240364084472754,1.4048237075771661,-0.15071363804330884,0.3574122688683131,0.5486990620674244,-0.08422342135660571,-0.40700825400957097,0.3682628063535464,-0.4202240001842762,-0.24204170963348148,0.7509508479039481,-0.012044474154828238,0.3725078900145274,0.2849974962537344,-0.01608079706388652,-0.010344347212965295,-0.054101689896875756,-0.040873325965976745,0.06822263678897623
P11,0.4420209329309078,0.22854360650789932,0.07611806884364858,1.1185462060091278,1.1271961186612574,1.1183210095081138,1.1314541748225153,0.9625953071754565,0.9668263875507099,0.8455825086206896,0.47610587081643,0.7425807996957403,4.029130412593686,1.111323650623352,-1.0734359555642876,1.3565570500657962,3.3422889189537397,-0.3255984110599645,0.4180708347510142,0.09301424308241633,-0.2905448779451065,0.4060518144778778,-0.811954372575431,0.1895745027654653,1.1555585635395538,-0.26843498113358266,-1.1486705545600913,0.9905008738353195,-0.23676061193426723,0.471874153637931,0.3625670419089756,0.19606524371719064,0.01680769577294624,-0.0907001832322642,-0.10088882130548933,0.12453181630403144
P12,0.3891529473156124,0.08144651107383917,0.034633317808114066,1.0456277866756394,1.0531437281292058,1.0486342097913863,1.0264612409152087,0.8649586403095558,0.8864054379205921,0.8936542405787349,0.6932484905787349,0.8232491004374157,2.408422404578567,-0.5301680109009085,-1.0999898798314267,1.8761154612643005,1.4642356509540715,-1.8889794434135263,-0.5337932447178668,-0.36284932987230817,-0.38474791512432704,0.05670191599360701,-0.09908879882015478,0.31915128886473754,1.0960016936238224,-0.11509111268985532,-0.8493683427452894,0.6424811785593877,-0.7219738577801145,0.769428774826716,-0.09920537621386273,0.13680491740158143,0.2782785014469886,-0.40396162924054513,0.06261853144747644,-0.10260055241218034
P13,0.43284630941825003,0.04400787725991087,0.1499589317522754,1.0908909094534365,1.1091213062397374,1.0983007275392915,1.1093421374618813,0.8837288555008209,0.8884696733520994,0.9285995912502932,0.6362395885526624,0.8285390421064979,1.820854385522285,0.947983025569607,-1.0601584967475957,0.3604624827585855,2.489395317085386,-0.37235557216897724,0.00657651628277035,-0.4887045341365236,-0.8340565590452733,-0.10534867174935492,-0.3192703713417933,-0.16601354063821255,0.7975492627682385,0.007272415021651418,-0.7093904141460239,0.2231142225309172,-0.1488046126229885,0.15212527264344358,0.507232911082571,0.35952381404163736,-0.03813044007949801,-0.24278694197243725,0.14022998554635233,-0.3431231549964814
P14,0.16856821700462837,0.050570404417570824,0.030241059249298735,1.1153320827489481,1.2014353516129035,1.1199371126227209,1.1802255001402526,0.9960671812061711,0.9977420464235625,0.8850771388499299,0.6914698625525947,0.9246578716690043,1.8637993233468442,3.508847810019635,1.5462004282287518,0.562670250065554,0.8875471517833099,-0.49004208379158487,-0.3969228587291725,-1.0016069467706872,-0.37512894127208973,-0.15234507531215988,0.5865997873015427,-0.37100052144702667,1.060443806053857,0.28982801240983175,-0.05570556200203366,0.4005812658365217,0.14809498502725107,0.24138438701431977,0.0057956001049088435,0.10316586491044881,-0.02994825165687237,-0.30619584525107996,0.168029961621669,-0.06707291873691446
P15,0.3026465765448699,0.10668136034344489,0.10431239728670712,0.9361863080970476,0.67295936714411,0.9217090056270096,0.6654741422829582,0.8957893251242327,0.8941917421075709,0.8949403917714119,0.6610818992253726,0.6531418281204325,1.3549961943908946,0.01870334676191171,-4.365388102396156,1.2380539647427067,-1.6700675326055245,0.3639226419574744,1.7210571784056563,0.9491596650029231,1.9929564652382783,-1.7790014303418593,-0.19280509389595876,0.4737184556687372,0.152326049064601,0.20076962937705203,-0.576446495839082,0.7927459168187664,-0.35077228426124674,0.27762645889891024,-0.11146099798813944,0.012997698707212802,0.2647458745204473,-0.29293393505727133,-0.22484614314065332,-0.024639819053178896
P16,0.3125972282983814,0.08207919588817031,0.023437112018434902,1.0334126311752287,1.025973721252639,1.0280892078114003,1.0535321895847995,0.9757759446164672,0.9891789142153413,0.8497813966220972,0.5715276408163266,0.8594263707952147,4.00999112303589,0.956253741129064,0.1708392715830401,0.8946217189721041,1.4715838714580578,-0.5271170538323997,0.388190725791696,0.4565222776076002,1.0447803580872623,0.4096182103340957,-0.21337965045482055,0.18561261609676005,0.7974724633143208,-0.5511687405979592,-0.685586037596059,0.5790668962382829,-0.6498315560918367,0.2448008746135475,0.33434350249446165,0.18428908627064533,0.49753165485735396,-0.3502675474981703,-0.017446873724472206,-0.06675728573299368
P17,0.2483859151258031,0.11705805407435106,0.11869637310971473,1.102902519018247,1.0926641319712156,1.1128100710614237,1.0947318675147777,0.7686332733230532,0.7913052500642508,0.8634761733487536,0.7859310940632228,0.9891583220251864,4.406137927919558,1.448617216607042,2.345561361329864,-1.0349294051948086,2.1891117303212537,-1.3471826636238524,-0.5907011402566178,-0.006155867342199964,0.7882608046024159,-1.5906871637500641,-0.023815769097147277,-0.05582371106107684,-0.0072089419958378245,-0.47568756062334877,-0.868901170667656,0.5605885764495245,-0.6521361666359548,0.4592497251237471,0.4514884078421613,0.15967655921832433,0.21332596005435625,-0.36034815989649194,0.1866451942029427,-0.2189209281917245
P20,0.5307296411362284,0.11703237012447948,-0.03889710421649316,1.114741759369423,1.0379820920582987,1.1079303957465794,0.9489802944675787,0.9714983967876265,0.9633280511600238,0.8645008535098156,0.4259045754015467,0.5858391656751933,2.090948798323914,4.060332597397382,-3.6310696661020225,-0.16180117394973229,1.957482444329164,-0.3791987188839233,-0.017716524258328363,0.42520174099936053,-0.11094462748259964,-1.4584468663831054,-0.8485456873899464,0.35292981782185107,0.4812042602850536,0.5843469362913444,-1.5762302702932776,0.8116958087507437,-0.018706466881320643,0.2771849735374777,0.41409155390571095,0.2003396526768293,0.4623024660797144,-0.25717702314530044,-0.28147150677966987,-0.15279765505889348
P21,-0.28188313764099265,0.28167460420205315,0.3016213055501843,1.087438135997422,1.213972460844344,1.086725136770867,1.2035105428295199,0.7440360883660974,0.7469643399935546,1.425011954302288,2.4460113034482758,1.031778206058653,-5.17971403232098,-1.5029813726628425,1.7542143368609733,0.21593496305133095,2.9111382487595234,-0.42190436746877213,-0.4518320685085401,-1.2103201526304868,-0.5655676851215599,-0.14196703481314848,-0.01155061240075475,0.13332057772813405,0.3586471030526459,-0.1824895566840477,0.2284546008982533,-0.11562358068840478,-0.08881565287227845,-0.0010306530874237547,-0.01516573681942184,-0.05538670215702869,0.18478608273990138,0.10536261243961972,-0.06046172406572866,-0.039385801492991944
P22,0.4224584578009934,0.07038860773982702,-0.09749119505352799,1.2303012159616373,1.3006338565679054,1.220113242849803,1.2768191454016098,0.9939536982359995,0.9880338456927555,0.6924933491179998,0.8246098383284809,0.9448412138208597,8.562189743215397,2.7286494560617913,3.5070678492523544,0.13134409412988526,4.265978514497346,-0.23218991126939545,0.2915808356375235,-2.141049709622367,-0.21086319619689162,-0.5115857103696951,0.28786751501363245,-0.10494802241711422,-0.2842269878868813,0.2685158386579894,-0.7730532107009761,0.7983828531807757,0.12650701667342867,0.5220546915544871,0.4238108472896044,0.36281787040700464,0.2302924198538106,-0.3807986431304418,-0.14360013472032881,-0.11528897260781812
P24,0.3425218862258431,0.058444096929723376,0.06761932977405645,1.1055068955096627,1.0829341948654794,1.0939958748579008,1.0337517384425918,1.0058950198938992,1.0019814615384615,1.0729540948275862,1.1322585936907918,0.8943962770935961,-2.0919664461055323,3.1080563124582223,0.19128145030481242,1.1114738037675254,-0.1276673624276241,-0.7571442494234558,-1.3431307468284388,0.06688011766756348,-0.8282881908493748,0.05145068785979538,0.44466042513757104,-0.03652683787525577,0.7943634238896742,0.7433512388539504,-0.826694896298219,0.5674675108581849,0.09058518526002274,0.28062544818271123,0.11950712250022734,0.13343019793287503,-0.07618416939262694,-0.3680783826528041,-0.19572885407996873,-0.04060384277811482
P25,0.2582871308253302,0.12294040970726194,0.05861075206569601,0.9852774067934048,0.9458675481574915,0.9725164811244256,1.0946787538516984,0.864378184881521,0.8756714253536355,0.8767129003513832,0.6418058492656995,0.6538209637805207,1.6329263607029463,-1.88873391533048,-3.9793438434327415,2.6147558020839714,0.7014102353473286,1.0694358237913326,-2.4805407066186143,-2.057652188973601,0.27038769886097846,0.04899249691332554,0.6390482375430219,1.3769789519470221,0.6499813653380124,-1.323213775418326,-0.7160508857239392,0.5428054126811425,-0.7246983956678981,1.0865813828730517,-0.2366119220619245,0.007080818863023697,0.49136571534357143,-0.1068411181735742,0.0793094447496441,-0.16023275383071628
P27,0.37555399291802116,0.10646690541188703,0.023519705326426704,1.1497019448968984,1.0572476799514816,1.1407689220239126,1.0853800183677005,1.1196077021313464,1.1112612384335472,0.9670784607520362,0.6393955238260267,0.7209754690694853,-1.3310768936981459,6.9936142334084215,-1.0214834624519147,0.9009666583919598,-0.11105304639026166,0.5638840097511697,-0.26277320442384333,0.11657426814425575,-0.77152896258742,-0.3534114226642349,0.18048270090230462,-0.5477681415265985,0.9123664214196846,-0.22926681117466646,-0.862028645961705,0.4986208475880264,0.25846181026068155,0.07921656705539283,0.09626782714193381,0.09491998694011437,-0.02317866310654999,-0.0700581874982031,-0.15402585225359558,-0.05337395296938139
P29,0.4405291769667115,0.38938020294073744,-0.13589754608211524,1.1001471785341095,1.0763061400208986,1.1134967789222272,1.2033370062695925,1.010897474249888,1.037256736677116,0.8901030685176892,0.5951665641140469,0.6800331673384087,1.1989613326151665,4.182230286153157,-1.8654546111385282,-0.061856803001642036,1.9009986739455143,-0.4780149179904613,0.4441695646539782,0.22925203900688315,-0.10397509854261831,0.07231344900597103,0.365354467026795,-0.18060000441871923,0.9032590470517988,-1.393779393282281,-0.46421488528556504,1.0746783194557397,-0.6300839767817585,0.4913698961951186,0.10229195183346768,-0.03877514241770414,-0.05665427972070457,0.06193365930059709,0.3460672573727422,0.020275911634542468
P3,0.42724404278632105,0.23618382830938783,-0.013971984466751613,1.0492561730374925,1.0248786304188635,1.0586776433801992,1.058723033831283,0.8393720965875806,0.8589228362624488,1.0380175814294084,1.1371117720415933,0.8406329545987111,-1.4292045919195224,1.7386944104067807,-1.5926719162502196,0.2983823424346807,0.3785257861195519,-1.1912766391692298,-1.2578203568700206,-0.38617853062333046,-0.3383277922268329,-0.5773836220683949,-0.785862198781825,-0.07197437652177065,0.6562689772691126,-0.539901496543556,-0.6830774406789616,0.5972536899019039,-0.74686396285744,0.19043089118941126,0.2591464640519779,0.2088733612168058,-0.234247617918058,-0.2498636018205155,0.09487875638421939,0.12408354325624635
P30,0.2970238535960591,0.15513697217733993,0.10695716189891033,1.088953962955665,0.9931286880788179,1.09388205773399,1.1436446937931033,0.9964480500492611,1.0195356878817732,0.9646721462068966,0.9926305367487684,0.9126898760591132,-0.404345289181872,4.36287777853202,1.4164587982344827,2.0782571024137932,-1.086497105275862,0.509756232947527,-1.313376369239409,-0.44854041806305417,0.15706749900118222,0.0005696221450246304,-0.8029530880926109,-0.23146045488899114,1.3112508742857143,-0.941501782208867,-0.5268291928924138,0.9708505476465025,-1.1377812868344828,0.15628029920689654,0.03890340932256157,0.3602651775625616,-0.04169812189950738,-0.16691479131369458,0.33752373364354676,0.21703858464709358
P31,0.19570017498124173,0.25594863987820343,0.08993080500032585,1.121708423954205,1.2568417054161163,1.126619932716865,1.2551882129458387,0.8818356623513871,0.8837638937032144,0.8288798010568033,0.5543193965653896,0.8257594937912813,4.126617710833113,2.2846029994024657,0.8171359822318803,-0.24754639808753853,2.7399108882768384,-0.25154815517974466,0.25575586158775865,-1.0573521832391017,-0.08860476432399823,-0.835296323657948,-0.2931640004255922,-0.009450746085741969,1.2969957895043593,0.032317475340563624,-0.15426225716479966,0.6156193321566711,-0.013024337430541615,0.4920326600771237,-0.3514545255312197,0.04825892221982387,-0.20439115103045355,-0.20416610697993748,0.08028067152521356,0.03575163643437557
P32,0.20663891407828702,0.13934330604533474,0.12629849253290382,1.124227951555082,1.0618289164809611,1.132478962697413,1.1647693907567098,1.0649451869973838,1.0825057581629687,1.0187694624551884,1.0496941907760877,0.913308569809127,-0.8434511677058425,5.863283087821335,2.2256072965732003,-0.862008827596289,-0.5037789831928708,0.26589663192025964,-0.9695620136696056,-1.1372135755062494,-0.0654335746750896,-0.7907019172384457,-0.5938035131939735,-0.04352688764669121,0.29416896151341926,-1.1062223157493365,-0.5363180340108711,0.2886955571712044,-0.6626737233189032,0.16995930163412457,0.2982651615299874,0.4169324718656914,0.1432290361585384,-0.1915307302220715,0.24383132933983143,-0.2657616258730259
P33,0.256156405928384,0.19834773133585884,0.059637728149994344,1.0754405572769423,1.0673608519733122,1.066286174375212,1.1025227459007123,0.996824975686984,1.001108971842135,0.8252377999547664,0.5222860940857174,0.7899719491122922,2.55435978438539,1.1101750493723848,-2.453169820878661,-1.245305596754495,1.6327182163467149,-0.014342611013106405,-0.4663288542354857,-0.41075350705763886,-0.8926456400651364,-0.39979150150842474,-0.005656199280447823,0.3688876984306118,-0.02219634757635417,-0.06061136287373096,-0.6878346489364469,0.7937879297836707,-0.4211418085157752,0.46395330298713094,0.16081677423342758,-0.11608047823792829,0.05511197610301933,-0.13271243317874024,-0.12863995004231593,-0.05913984878279995
P34,0.2940909890815346,0.18238079810151184,0.10991353255344158,1.062919052259023,0.9333783047277812,1.0638758916368085,1.0613473780477147,0.7919045400681639,0.8069663092720439,0.9858438784409683,0.9767016044743512,0.788931419907367,-0.08821355932465264,2.7381410306274576,-1.821224486035568,-1.8693189721607095,0.9614159357763173,0.7857496712853274,0.7196297834081098,0.8651659214214804,0.2563389079852311,-1.5991913117731364,0.0902694103696758,-0.373281171841615,0.19803561837691167,-0.9375467523750329,-0.6369653406227388,0.9756902942611204,-0.6151060151994233,-0.06358115524016429,0.17275452323970986,0.03271627573385214,0.013591387319451186,-0.1440820811585074,0.24035143362331554,0.09916781882405015
P35,0.3214426271947924,0.49867531794510916,-0.10370365490486982,0.942422700070373,0.906509160309641,0.945797503166784,0.8992245998592538,0.9190185752287121,0.9245922005629839,0.8913026336382829,0.6801907735397608,0.8762764962702322,2.40974441584518,2.2795300843870514,-0.22031661231175229,-0.7059236038554538,-1.2808027997791556,-0.5275101175553836,0.6274341256425053,0.23435031648698096,1.9298894765394796,0.5693240698465869,-1.0651818872723433,-0.10794542963997188,0.26694178720380013,-0.37176483068144967,-1.3519004789579168,0.3837435225653765,-0.1433489705546798,0.2774270792749754,0.6071279168025333,0.7151164284741731,-0.15702915713779028,-0.3298010913432133,-0.14965570470047854,-0.003192667270654466
P37,0.1592915923670253,0.10572847178720558,0.032042359051813026,1.0554585206455365,1.053289297760977,1.0581179632160511,1.1186549691770862,0.8833960261703985,0.8940779081128235,0.8048859719395174,0.5051254722302995,0.8727142516719977,3.848966200785112,-0.39178872090854905,-0.8839489021785402,0.20136037460017453,1.4919725462586508,0.14393640608912472,-0.24126985973233503,-1.010805965688427,-0.6346210205072405,-1.1386233368406513,0.013916481195710989,0.2944535525302122,0.7021790615259378,-0.3516773620091596,-0.2743784580894155,0.4070908355084327,-0.49513392212023855,0.5767687362151351,-0.364114818418581,-0.13292942418499565,-0.03474486832916545,-0.08631169578979354,0.20955089033418148,-0.02538276096670544
P4,0.3959928993359947,0.1680149442349967,0.13179950733890883,1.0970783768463073,1.0496672652029273,1.098358491550233,1.133962057618097,0.8539258391217565,0.8705920968729208,0.9896434713240186,0.7901295869594145,0.652971425415835,-1.3961892881298736,4.862028328376581,-2.4067427920991356,0.1450053811812375,0.3009808717377511,-0.23968626941996007,-0.9654310882636061,-0.9554459469137724,-0.4913675508483433,-0.7789572943265469,0.3433141793140785,-0.0744630669671324,1.156643867510246,-1.3182234052707917,-0.9151139777972055,0.7161236022633134,-0.41018557117365273,0.16427142254570853,0.16541293638975385,0.2846932596933732,0.4349450666560213,-0.08205281722850298,0.08020074795309381,-0.27903770034185627
P42,0.3733350927765608,0.23130678959962556,0.03844540205690214,1.0571036047382445,0.9805562073161951,1.0634301625261036,0.9493690128897532,1.1939212387124647,1.2124415353208036,0.8728332092604595,0.72245967249946,0.6516639542017714,2.424969816776914,3.729741310817311,-2.2247802379690356,1.6442559676461004,0.5980863755894001,-1.7260157979607547,1.7894926808538203,-0.2289824472411032,0.2623696767066825,-0.0725396057161734,-0.03750304042906315,0.43971285405091814,1.0273206370379493,-0.2330913202101966,-0.6273728330317563,0.8772575861797436,-0.4253555805125585,0.7495009763874343,-0.18978844952579266,-0.017671331979318798,0.16562308545346008,-0.21025745701869086,0.0499793954615194,-0.08055035105233888
P43,0.4741629928460127,0.18956002863630297,0.11055797267499166,1.030321434934935,1.019290398565232,1.0477445915915915,1.1025723435101769,0.885495391891892,0.8931479994994995,1.016940701868535,1.0560293535201868,0.7579286244577912,-0.48080813382966303,0.3467256468001335,-2.421173820375876,1.882015872917918,2.2870261854185854,0.43748382847847844,0.7681915842991324,-0.7104550673432097,-0.2286583976067735,0.7173154246753419,-0.10751978206639971,-0.3498519930492158,0.18755266752926256,-0.40505593329946615,-0.46280642230400404,0.4382663417980648,-0.0357477786992826,0.5654902251527694,-0.08056946290954285,0.27826559152691027,-0.5816677459629631,0.047823157432198865,0.3702746925174842,0.12196337896441439
P44,0.22872688449872286,0.18724383435213673,0.18300669371431383,1.1314627650063858,1.1084330059927303,1.1354503187935947,1.1804462839178702,1.1043024349150212,1.1036609072600452,0.8665036490814421,1.127060768543079,0.9202826800275078,2.6960308061603304,4.076174066571373,0.6901338167873071,0.25753058674417917,1.039291954859554,0.9797964910434226,-0.33497216922926615,0.0379813078976324,-0.47517796722123984,-0.15770660094223402,-0.2637644338938992,-0.3559826224494548,0.41613568909307397,-0.34608965504440514,-0.40400765386512827,0.5009447834431673,-0.015854927564790264,0.2827568694709696,-0.04336030705715689,0.01208566441364967,-0.22335968996032027,-0.008312137898270936,0.21359890171723156,-0.024315167532675114
P45,0.313874600549763,0.09539241596470854,0.008944082632985781,1.0266015164691942,0.9777149132701421,1.0123735202606634,1.1281653936018956,1.0536214331753555,1.0568930836492891,1.2335398746445498,1.7131653078199054,0.8189290149289099,-3.045074737781161,1.8428189383317535,0.40087226181279617,1.8273594721991706,0.4247819664597158,0.9580844776154621,-1.4958954560748816,-0.11550143479668246,1.6446996437664694,1.157869163124526,0.2513176454205213,1.0432324504023696,-0.3254665866964917,-0.8449956736748696,-0.7865287062822274,0.7727507434681042,-0.31777032619395734,-0.3956392110043721,0.12257161404293837,0.5341748020295024,-0.2823126555418246,-0.34647036578210905,-0.09065396527793838,0.1834348889132583
P47,0.19738210799681633,0.14334456062674264,0.15079187690085458,0.9683044788873995,1.0485023512064344,0.9676223644436998,1.0474510658512064,0.7759062930630026,0.7952873805294907,0.7707423156836462,0.5283435083780161,0.7274619406836461,4.203605227865952,2.6749220767332442,-1.2188708828614276,-0.8525019588605898,0.3053158885371984,-1.3969546579575571,-1.3749636656858244,-0.2661586211289712,2.6938600652362603,-0.15647202076849862,-0.7391314896705766,0.24245692834182303,-0.242072354461126,-0.5579510664974531,-1.0074196371065685,0.5821327236159518,-0.7305164571079088,0.5649996220040214,0.2012706826952078,0.35024208787399463,0.20710798100819366,-0.3889789327973694,-0.16122600860527816,-0.27843692499631373
P48,0.40643647527691057,0.09051093110369292,0.1789769578550093,1.0076962946178938,0.9276467497670083,1.0049604041239513,0.9734714289375582,0.9843126438723205,0.9756848816402611,1.16092479694781,1.4529126138164028,0.8751338332945013,-3.934056821937896,4.647917495180918,-1.2011279199219478,-2.0784416822405642,-1.727479576940657,0.9169494616135835,-1.1750188055987882,0.3151638713699558,0.5149451535645386,-0.32307924191915194,0.19132843125034948,0.005879558784715687,-0.44857159974301025,-0.3383135457767941,-1.087394837400396,0.11830749698171017,0.1441963167947169,-0.4254355959718081,0.6054026596446879,0.2995402072073043,0.1541928891966449,-0.4976762337885601,0.12126943942417288,-0.24039622852970646
P49,0.2856545291930787,0.10302239890111323,0.15202330352276963,0.9259183623586069,0.9367095755963712,0.8930424172359726,0.9234076215141673,0.9216188543509911,0.909641981520887,0.9019989950722365,0.6545391549445626,0.850272742188375,3.2636127463358715,-3.5872826447775785,-2.113504525265147,1.3822808083872775,0.7847713162100908,0.6341125422374903,0.2843387673686359,-0.05371890163249524,1.1688042764158921,0.979854719649681,0.1349777459438907,0.8834346197392206,0.9619559792406933,0.7775791722706069,-0.41308665023130803,0.4202663281836712,-0.19731929383677435,0.6278128860626946,0.11422932406729476,-0.14888383897251092,0.27131837883154886,-0.5401677966804792,-0.3731350482906675,0.005005700376044349
P5,0.12578228533348917,0.21042278552581337,0.06961042059129165,1.046588197545295,1.1111964184687317,1.038552191505942,1.1864584369764268,1.0335775659458408,1.0377983995714006,1.0846692602766415,1.3471594128190143,0.902188997467368,-1.0536119097954413,1.049941514446717,-0.2970591736099747,-0.2553580344755505,1.9503428423168714,0.2760210626506916,-0.32037875585934145,-0.12214437623331374,0.4056768248158972,1.1576104464506136,0.8102588320204559,0.024895425170075963,0.18657427631139684,-0.28839956183576854,0.2771100694176894,0.26065402178381064,-0.23455206684350283,0.16318175666054938,0.6191278121451393,0.023256074193083957,0.05358941982263782,-0.018773414066744584,0.03249337039376582,-0.12735678809959086
P50,0.32445665679301344,0.20083281385612675,0.1915944499046547,1.0102797864409832,0.9803155720716665,1.0038248978121906,1.0052719895561357,1.007941190510489,1.0001013434770865,0.8899720957054109,0.6149026377959845,0.7734413501395516,3.6617788290609528,-1.7116945419420735,-1.8717927821474747,0.639434432446016,1.9842624325470424,0.845232062843162,0.7970620252057261,0.1445275184878455,0.3206571281767354,-0.22586314090258394,-0.9316009538489239,1.065246714240569,1.1599541021337894,-0.061530559114522376,-0.4558427957215269,0.8596953754389125,-0.037126187657253985,0.5676614148113802,-0.023581618258806156,-0.030519455114396327,-0.1832811652800497,-0.45662084436481504,-0.07981158546168092,0.061634785894151445
P52,0.18011466671243137,0.1231910337998003,0.07152780528914128,1.1006408749375935,1.145993678232651,1.1108299375936097,1.1335607913130306,0.9148665695207189,0.9380714735396904,0.8651455310783824,0.5171140354468299,0.7076969605591613,0.8840436979474537,6.896746999500748,-0.5234818742404144,-2.064690612139291,-0.2533261323734274,-1.4853242655866201,-1.7205233828881679,-1.8203976506490267,0.6799255685354468,-0.8958467527171743,-0.630882542977409,-0.1137176157683475,-0.3259585221768597,-0.7508561149226161,-0.8464664028188966,0.7393755005117324,-0.7180264988203945,0.2198033933762856,0.7477744051422867,0.06203605715844858,0.4110586842885672,-0.1967411428441338,-0.03332774338523464,-0.46155276984523214
P53,0.5500302924113943,0.16703224065955022,0.12154831076005998,1.3314784184407797,1.3633460103448274,1.2915417424287856,1.484038895202399,0.9297273200899551,0.8931031,1.3428558628185905,2.060173887406297,0.8253267524737631,-7.275770105796103,9.397878571608697,0.5174329767448276,-2.1228929016928033,2.584171935637495,3.313650735175412,-1.4802938218058472,-0.18235434520000002,-3.0343681368785607,-0.9182949520428336,0.9184422866031484,-1.1102507277076055,1.3163453557311844,0.7396702586632683,-1.1173107797571213,0.09963239092128935,0.433593037623928,-0.010726830753972998,-0.36154404683727137,0.1073022964737781,0.0584186285072264,-0.21990785405515745,-0.26651706734664166,0.11591345069239882
P55,0.39294912548017286,0.2865422195264048,0.04089625355053561,1.1711117814320617,1.1979178175155045,1.1755409703063333,1.2690235051682015,0.8773309345987597,0.8833469582785191,0.8878481721480924,0.7444820853223078,0.7990694065025371,2.38054908883349,3.3736315642398043,0.4993515515968989,-0.6721155876308965,2.1760556826179287,0.3997103377293743,-0.6082931080556286,-1.4016763289751926,-0.7432440907718474,-1.4923208134542378,-0.10591447827682768,0.17270682586573388,1.095981431435144,-0.13652869024698364,-0.485970219370607,1.0325752626216878,-0.2849483579222515,0.307518618321105,-0.08868783126237927,0.17931673888385644,-0.3278138771807743,-0.18632798005589718,0.2381659241259162,0.05938775457597632
P56,0.10560163353039978,0.13259402022851197,0.03042658085664909,1.1759161059133816,1.2366970093003886,1.16498946710161,1.342251910188784,0.9285097883120489,0.9132125063853416,0.9028492295946695,0.6665452966407553,0.7312680960577457,-0.47727173281260404,8.894587902909079,0.7769261256724044,-1.083166613936563,0.3181335188375902,1.788736544990561,-2.6459646472570792,-2.284210474672127,0.15492612784995838,-0.27444586750347033,0.5151081932449056,-0.6463568287283453,-0.13387675739311491,-0.22326218919204607,-0.8894550368434203,0.3525483850531649,0.4986318948309134,0.5176852939925458,0.32278001561701836,0.3970969513978346,-0.27348954585771795,-0.14556258215939757,0.09414224960008329,-0.39868275187995555
P57,0.3257528115368242,0.25891970351213284,-0.037105198129810564,1.1246020687526606,1.1676436138782462,1.1469041859301832,1.209974736057897,1.1013103180076627,1.1241162593656877,0.9546669990421457,0.8725264326309068,0.9937173748403576,1.538130212650114,2.548797825572478,2.1583256791451677,0.05259905371088762,1.0179282856932736,-1.3054118698007664,0.6186408140616645,-0.5609572487598978,-1.115926236723807,0.394571867202533,-0.15712209657056192,-0.0007125723430183134,1.4923576490464023,-0.7174479147370371,-0.2541956430353448,1.0004389750223501,-0.28321824211483615,0.3341069217702214,0.032099109472083866,0.05780940952033844,-0.5787528436262239,-0.2441975285456577,0.35119380857008303,0.2283176764087803
P58,0.22359456900468383,0.1290106132307104,0.07327523770668228,1.0599742540202968,1.0458878646370022,1.0641717633099141,1.0750626157689305,0.886972450117096,0.9060641792349726,0.8838392446526152,0.7114778243559718,0.9124337200624513,2.6443665487369246,0.619869028239313,0.6906857776908665,1.438333293039188,0.8799365559047617,-0.550837676643388,-0.3333612847059485,-0.30213876176284155,0.10725066279234971,-0.5196079068304449,-0.12693835896288838,0.07498633224045277,0.9560254175253706,0.08689033308852459,-0.31491218430243556,0.6874609531038252,-0.9326193862112412,0.2931733580597658,-0.1230627891496659,0.013611130744980483,0.26479398583152225,-0.13203171817094458,0.2638517637087432,-0.042385427570444965
P59,0.38005506104559156,0.39631225097965334,-0.03408301468931801,1.0837183933685004,1.1057481021100226,1.0888999679728713,1.142113289562924,0.8989652083647325,0.9069902159005276,0.9034303814996233,0.6774758588922382,0.8660642840994726,1.5671052567426524,1.2177551296748303,-1.3399155918799923,-0.6044868377134515,1.6971885407385081,-0.21122484319476265,0.7210564073403352,0.12663837696844385,-1.4972204365578372,-0.23524280406919745,-0.3502087699563866,-0.3097362282819329,1.2190368461774679,-0.16262762282632628,-0.69777606720471,0.6699349860568954,-0.29480504744881314,0.3623497810488131,-0.3309736252593444,0.10622445572792012,-0.2981535142532027,-0.0692555086822532,0.08581568806509043,0.1891508530915599
P6,0.4084012057929999,0.2913016208106186,-0.007765167769661057,1.169701863000711,1.199425773959074,1.1643292563798688,1.2209963135024098,0.7961927635300625,0.7957233948012957,1.3798569341076086,2.1802401239630247,0.6430510865923995,-5.803806428311211,3.98969617910034,-0.5358347406680888,0.29975510216567897,3.233793969823813,0.30962663288180453,-0.24310313848352694,-1.3921771908075928,-0.26637539726949505,-0.7625223582018644,-0.17111026079402394,0.26540016715153675,-0.12157603445384374,-0.1569836806772142,-0.9107464045021727,0.9203595205226357,-0.0678493395742751,0.5890374329530694,-0.28341534863063916,-0.08940116436674571,0.08454021350625743,0.05627973652880619,-0.10820802481534329,-0.019550616550730815
P60,0.31936689840051036,0.17423265761658868,0.1007051262108975,1.1502834864313058,1.169656621863037,1.1523320290940027,1.1560103775414716,0.9323033090599745,0.932304897235219,0.9817934913653765,0.8371972584432157,0.7569941920034027,-0.18128378601135692,4.181991923523862,-0.9207839953764357,0.045441797205104204,2.148213020503854,-0.14968653165061677,0.42992450155244577,-0.1581271702955338,-0.9546500161860485,-1.046142199268924,-0.16899339995874096,-0.4945406524445427,1.0606185336724798,0.07312333385094001,-0.2928136572332369,0.49975000971105826,0.03647146156313058,0.171265625420564,-0.1355456836464313,0.011720554925248832,0.011858342352649947,-0.15569540606313909,0.048808684374036584,-0.12119784923571247
P61,0.4371357948973354,0.11691830800679205,0.18011925536632709,0.9691998654649947,1.1101429663009406,0.9720848876698015,1.0680949370428423,0.8785992575757576,0.8985865632183907,0.8323670841170324,0.49652527507836997,0.9290042881400209,5.4645517398119114,-1.7875300940360501,-0.19368327197701135,-0.4057934545045454,1.7768473530634796,-1.774256530250784,1.406651391812696,0.5381649308032914,0.6812682606530827,0.7749644415005225,-0.7584273883490072,0.4795741334030826,1.4547929896551726,0.4480447057472048,-0.6520537630250783,0.5227463193260188,-0.8508995435057471,0.09822612600429469,-0.3466428244252874,0.35517044806922676,-0.005122150139211078,-0.5283246843704285,0.0438907577001045,0.05666141749576803
P62,0.14870974693579608,0.12210788261304792,0.1505849199122967,1.030132538983298,1.0806650172853913,1.0251390091167676,1.1135316238057036,0.8844054196630443,0.8777511465976224,0.8461805634162352,0.5976262813799139,0.7893792261687697,2.6617935869914664,3.278372677075144,0.16610486989628764,1.5105763052828385,0.3275778060576552,0.993806864175866,-0.3885181426347459,0.4965153861546204,2.028318763985267,0.18099284946363503,-0.5760542048360878,-0.22139067715924438,0.9121444579884691,-0.624739017113347,-0.2314994317159434,0.8592825115265844,0.14894661003527093,-0.05572431978558091,-0.3157456363538618,0.06561873243236818,0.26513204979767196,-0.09024992354225002,-0.0896468292702283,0.0784360797227117
P63,0.47693672161480233,0.0752673119426947,0.19828430698082422,1.066397603700589,0.9459630193439865,1.0761253347350714,0.9824179977291844,1.0884335949537427,1.0970355917577799,0.8466594629941128,1.3762020612279227,0.9775217788898233,5.125307985562321,1.9094106814415477,0.7094117268351557,-0.24159446116964503,-0.7264568764193441,-0.2563777255920942,-0.3296571276739277,-0.6972304805860386,-0.5724159297664424,-0.4793202727853659,-0.24821575516198485,0.5759085220206224,0.9450003754213625,-0.5967674282203532,-1.4223952388872076,0.6626565300254836,-0.12150931085303618,-0.024889154917838524,0.6962478253019344,0.5418758481059713,0.0360527248631455,-0.47153302969224475,0.24988056999596303,-0.1605087936637847
P64,0.427121101792094,0.14447329617194885,0.0725049751446681,1.0331967033536935,1.0178442104990204,1.0395286867580962,1.1847292333755906,1.0094027655871844,1.0344740635012102,0.8536771718912067,0.44410212948023514,0.5304010292727901,0.615151522911375,6.902207983888441,-3.6316508264549956,-1.0633248569547655,0.18383952596444622,0.08251929420760055,0.4426743268645269,-0.3895048529757174,1.1450895874184626,0.00985484337541777,0.5391625446732914,-0.15761235169291232,0.9564240103398063,-1.231339017502305,-0.5891749518523454,0.9568610983848105,-0.6922678547878853,0.29198061292638583,0.09330682896537801,0.3940279538600323,-0.21629585101210153,-0.1872004065901775,0.30057345298216087,0.05691242753779243
P65,0.31226752074193176,0.14208321612495695,-0.07557934298712306,1.0383743856092797,0.9388063326059491,1.046085960089583,1.0556263278970945,1.049606012518663,1.0765781540140118,0.8444879581945561,0.5284447055817159,0.71279105242908,1.6470097181484438,4.393811326458022,-1.880472387422189,-1.3315672723408751,-0.8291404136764098,-0.2844357139370622,-1.436342830806535,-0.42777988511746295,0.7629100152236303,-1.7167911445785002,-0.06526505559854143,0.7509640086350639,0.42434772377317903,-1.4375214575028712,-0.6603373703456816,0.7328995062777076,-0.8407301185586309,0.31418192948906626,0.20016548061796258,0.031888054364115084,0.2023360463849328,-0.32628816485833867,0.30652367619851845,0.08760964251050304
P66,0.37570189919457353,0.19589071483532505,0.18926754250760613,1.0416057432831303,1.0992307651555286,1.025327900022705,0.9590299570877165,0.9595190432906986,0.9424105142662528,0.8890308324377507,0.8007514323772043,1.1238933655490804,3.149592379173768,-0.17719359432407464,1.720101242219708,-0.5362661513166729,0.48024006856928786,-0.2158942359469008,0.9922543923045485,-0.07225698228373578,-0.3483058439035495,-0.03551182328576402,0.04273763129609478,-0.14994444011081506,-0.1813981424159638,0.9580278431590101,-0.5241149700207371,0.38739205688823125,0.45430795739404367,-0.04039323536859154,-0.2731344926938243,-0.12902165236059715,0.7198657099779004,-0.38402285846349055,-0.28893887988786876,-0.026996949431590107
P67,0.3550752248854756,0.1372739060054217,0.09011652127791162,1.0526483664241444,1.026487041929399,1.0478037482619238,1.0944796452708165,1.0256270430072758,1.0492359238480196,0.9963553593101588,0.8085230661277285,0.7526288916734034,-0.3701968854584209,3.6037564126311503,-0.8733745297289301,1.191683265042118,-0.1314875431168418,-0.8557535891105955,-0.8760469051429265,-0.05347836314351927,0.4642643129742926,-0.046874672013815996,0.7413972935061709,0.39406437964668983,1.0760095938835892,-0.841792439313231,-0.6490714287306386,0.6019064536798437,-0.7616794806603395,0.30097144607208837,-0.23508128618504065,-0.12529133283364643,0.4237606388956831,-0.44034412536120726,0.16326886249768524,0.0676830961224845
P69,0.10140421341214087,0.0414881099004513,0.20250288738040725,1.1487072039625759,1.3409967108420473,1.1489744175013759,1.3078070395156853,1.1811680884975233,1.179228631590534,0.7374768715465052,1.9468227261419924,0.851918351458448,10.720385544608806,3.5547036283045683,0.0820326281176335,-0.2265065053104457,1.5594786093172261,-0.33609088041133744,-1.0667629928073747,-2.017748173756081,-0.7845766299160156,0.0771641608406164,0.392436513543093,0.3099104241738735,1.678569184545955,0.33433674820366976,-0.11338747930214635,0.8283952340727572,0.2616047585049753,-0.03546530065381396,0.19710811584738583,0.17956928002759495,0.054892108477105114,-0.22524543550298295,0.033706033502872886,-0.014262698895211893
P7,0.3833536453384419,0.13176205647403577,-0.03411948276047892,1.082884401787995,1.065477119284802,1.0706703333333334,1.0996138927203063,0.941518701660281,0.9387415586206896,0.9090863463601533,0.6163214318007663,0.7593564535121328,0.5008046489807152,3.8394590369731803,-1.7187042559501915,0.3175936873998851,1.017498695476756,0.2762717821344827,0.31071059593588757,0.1340434808551341,-0.2424306466802043,0.34917411589527464,0.18486137670370367,-0.7609764903555556,0.8043207726794637,-0.46875954332579817,-0.6686941098228608,0.7152699367931034,0.022523109898020435,0.1349831092761073,0.37590996406257976,0.022604419041916988,0.15629310955931033,-0.2858679421129375,-0.14582467262478926,0.08207305290620688
P70,0.46054067230110435,0.013928309349682212,0.04497978642416047,1.0596435803470812,0.9696287906242956,1.0590909082713544,1.0452735999549243,0.8239983633085418,0.8170083572233491,1.0001607543385171,1.063796198106829,0.9878999993238675,3.7412540990996175,1.2491835261167457,4.679279431485239,0.3059125333896778,-0.43408769069483893,1.092501524754564,-1.332407680822177,-2.1885245627496057,1.9541929710849673,-1.7256740336268426,0.3712799800428217,1.4850154624588685,0.6818211390038315,0.3558032705845616,-1.3828104541356774,1.0508964797430698,0.10340352039350913,-0.33983523885722333,0.5410302073719631,0.9306080149335135,-0.2685076890148321,-1.0580664594654046,0.528990725795853,-0.04598133743362632
P71,0.2732766891259022,0.1581231334883721,0.22907031754611065,1.133762107137129,1.11211480032077,1.13112429478749,1.2212815329591018,0.9798936527666401,1.0016193406575784,0.9236984609462712,0.8227904854851644,0.8234312992782677,0.9337832775572905,4.941013580574179,0.870998337279888,-0.5070177799016359,0.7227480371234964,-0.2836627285756215,0.13969224809703287,-1.125259538309543,-0.35580877651948684,-0.7501525577475541,0.04119796061443464,-0.2251823768173857,0.8103342081712911,-0.7523837972667362,-0.43011546840144343,0.876010194819567,-0.8920895339404972,0.3700442070809944,-0.1317586529300882,0.17196305843929433,-0.036800720741940664,-0.1960931091625822,0.07311047418542102,0.08543147680861748
P72,0.5181089256952169,0.12395283925946608,0.08874091334399778,1.1065599163515016,1.038365566407119,1.115746334371524,1.0553679806451612,0.9927874235817575,0.9929078769744161,0.8959902987764182,0.49375192124582873,0.554289404894327,0.9418427426066742,3.9714141754838708,-4.011912936996663,1.1819247227804228,2.1430993066162403,0.4333697827034483,-0.24144881485581754,0.3854928704008676,-0.2688716647895439,0.018855099605116797,-0.724779295138376,0.11661570323421579,1.017258741490545,-0.2545001724577753,-1.473101140422692,1.2170655573748608,0.03425816393748608,0.5492480031212458,0.4624936368418243,0.16170189024224693,-0.007495476880889876,-0.17216605824709677,0.19466550921265852,0.1272568978275862
P73,0.12732514444346835,0.0670789572614446,0.0376662261449634,1.1093608449650234,1.1401736770782496,1.1155458425248088,1.2111082700504312,0.8900434244346835,0.9089452700504311,1.0479786894420042,1.141678793395152,1.002342756303888,-0.4021116934825118,3.331334258971043,2.1271226723946643,0.23765862974101182,1.9311469040854075,-0.10459412875061005,0.08768913759389944,1.5933362001465754,0.6332564267418254,-0.17264361675906945,-0.8132233606285992,-1.0638335448150318,0.6662337656723605,-1.7683321433556203,0.2670081909136489,0.32479956964981294,-0.6706554159323248,-0.32017716166894417,0.11329412520351392,-0.29351179943770944,0.6355153892614284,0.016073855501919632,0.08985322337938832,0.0347779224924028
P74,0.5500113611055073,0.2967473701241073,-0.09166015148208594,1.0709974062941297,1.0361861083316524,1.0814769410934033,1.0305308688723018,0.9920079382691144,1.0118037867661893,0.8839804722614485,0.6001182251361711,0.6938139384708493,2.4779508456707684,2.446024087725237,-1.5911677108450673,1.3067288762820253,1.4333439857110348,-1.4108135262051644,1.027590910778495,-0.35793870151805524,0.111647924551745,-0.17652854830946135,-1.8527459964226347,0.23073235984143636,1.0574579226306233,-0.3448870093764777,-1.0133019929314102,1.0647968288137986,-0.748722275118721,0.5412659386001816,-0.07335560734537017,0.2601481069759935,-0.4093557211696994,-0.07018696528557594,-0.11449417312257415,0.22518871996612871
P76,0.13270849954054917,0.16801311681034484,0.29023270079022984,1.2271064176245212,1.4479110855683268,1.2177935249042147,1.4764038697318007,1.1132641021711367,1.0911347900702426,0.8861469790868456,0.567777627394636,0.7566382448914432,2.126349914706178,5.73887108791507,1.2900698282579757,0.49889121636058426,3.9236473705779056,1.6930345573245529,-1.5643548140426247,-0.5699673740525224,-0.017684083319763746,0.1038901352469668,0.6657128831653896,0.022801926833652633,1.2921959934546616,0.13465109696360156,0.40405699366957215,0.39262632998786723,0.713986204633461,0.31938814318861747,-0.20195958968486588,-0.3265956701822957,0.14694937694222543,0.04125196684509898,-0.02481533238981481,-0.14729431779802044
P77,0.4549839944941572,0.06093741055725333,0.1605560102383503,1.0675876202205357,1.0467327571244451,1.0656145751109838,0.9897939551768581,1.1195879802377202,1.1281870303594443,0.8367340595732493,1.0445328805670917,0.6032831877702993,3.4238413966047543,5.859192947409423,-1.6429768990319347,0.3315407679799513,-1.3640136463926538,-1.0522735225593585,-1.5385448223720464,-2.8688287744811687,1.0085867149749392,-2.612785539310612,-0.38006157555849923,1.473092829671488,0.724195573707862,0.1899383598194186,-0.7663586871639696,0.3203212192311471,-0.43425054152198195,0.1538411846043248,-0.24253462701117,0.5425292051106974,0.5722990490362307,-0.4242843404750251,-0.058745553404725766,-0.2114881916566576
P78,0.3352054190872211,0.1708422565091278,0.14386011864300202,1.1072342448275863,1.0381515310344827,1.108799959026369,1.0373212308316428,0.9029661320486814,0.9175932657200812,0.8945807365111562,0.7524851933062879,0.8430380563894523,2.856262843422718,3.606450265764706,0.8664095979168357,-0.97674170531643,0.942910972310142,-1.1354927701567952,1.2199130612795133,-0.04028603340320487,0.06667964600180525,-1.7340599148316431,-0.36311373491135907,-0.0519427068958012,0.6744045096967546,0.1657501967728195,-0.9545948628458417,1.0310136817444218,-0.5524846025914808,0.2679522393492901,-0.2052236187056795,0.255961450756998,-0.2591632775590264,-0.5734106291762677,0.03359026105172414,0.09555082512417849
P79,0.14390021938421527,0.07280218925037679,0.0984249633066186,1.2204739851736566,1.3138820190858453,1.2215423750819137,1.324843683281455,1.1425959646952817,1.1337274819790302,0.8317327661369593,0.6978286394167759,1.0803547514744432,3.7230541644580604,4.671693027126637,4.52218752327359,-0.00807672512739385,1.7998821929361077,0.9511186369103047,-1.769476837611648,-1.0694054168052918,-0.5569359690458962,-0.4430879684392202,-0.7272658216029653,-0.03804759224012942,0.6162987242481979,-0.19513320169626475,-0.1220712932469692,0.3184866977113581,0.16864220139900066,0.36034694478653345,0.13190912922588466,0.023412436679538004,0.20099311931992958,-0.24272672546709537,0.1062121009314384,-0.1555875518467554
P8,0.3114967699771566,0.1685944598070271,0.0931098759704253,1.1944400815838137,1.1301708106167736,1.1815911606657241,1.3360305644512127,1.114716435766344,1.1082674044381593,0.9806421061677365,0.6803470963776787,0.6546586725769608,-0.3804834168851953,6.05838512144349,-1.0731824001302515,1.2321116089885782,2.817117604140107,3.004959114430545,-0.45529458168843684,-0.50195224266518,-0.5390728772343087,0.3208233700866964,-0.1063047432906124,-0.22065545041097573,1.161981349198956,-0.828603729428228,-0.5466548345283367,0.6223388345460676,-0.1187820617360274,0.4829398117752638,0.4066725422132057,0.15660833641675184,-0.35847131304818886,-0.05083210325024475,0.186413026938327,-0.13415619662811926
P80,0.3158845294133937,0.17553136142953005,0.10049409358950874,1.080384279856211,1.031619622686726,1.0817227931034483,1.0747996107043003,1.1808239049394222,1.1916533774464118,0.8879556587671416,0.5962860761549728,0.68756238170683,1.1867003440840103,5.115519092305951,-0.9896746264465451,1.3034614089579284,0.0559218267250699,-0.26060607899693783,0.583817315845999,-0.24847445937050994,0.11170791321927839,0.5825507320841433,0.11233606080881375,0.1971546096245773,1.0346662743695914,-0.5038949517724803,-0.9162343467740648,0.9304697696045798,-0.2723786215565171,0.46969378178073495,-0.11690891541892293,0.3036059723817068,0.16176843651151643,-0.13349911499962722,0.09658055061029157,0.11414202065453335
P81,0.3927448946793838,0.21275323022157006,0.04172250754038738,1.0538935310344828,1.01723850755686,1.0542733330887748,1.161325617461482,0.9743123709464417,0.9905642077769625,0.8153368720469553,0.4835128980190756,0.7349407666911225,4.119787980968452,0.39884676898063093,-1.6246001729159205,0.5463656430159941,1.7819527587492296,0.6298341235693323,-0.004953274263242852,-0.7385990833135729,-0.10683938742883346,0.5375028852743947,-0.5610534393953045,0.7766439290918561,1.380487134504769,-0.7194711879166544,-1.0819387526001467,1.2944181752780632,-0.8221847084705797,0.7046710117508438,0.2979448972476889,0.34287901171181223,-0.303597599149934,-0.1427253757462406,0.18516337925140572,0.1542348668340132
P83,0.4012726046530951,0.23623387000415458,0.010360523974428748,1.2105558948899044,1.2432159769422517,1.2286924678022435,1.2177220064395513,0.9421985178645617,0.9643293917739926,0.9203617044038223,0.7519401173660157,0.9184474553385957,1.8277996229997924,3.6197437275070627,1.7614115324800583,0.8311374505803905,2.2323828602409637,-1.973168899491587,0.09845533514322809,-1.0147092523643542,-2.055605317600748,0.07210451750201495,-0.7933945814023682,-0.595358459783548,1.308078940589946,0.07597370219316575,-1.1893599590527628,0.8678182880972164,-0.6250748336581056,0.3801560365592854,0.13159412538259246,0.4443709874493145,-0.4214136547285002,-0.15517750651680517,0.09857705407453261,0.10750422932829247
P84,0.35864592373430104,0.16343170128208567,0.035421825557995675,1.0355942548898496,1.0205378809964998,1.0508993401276507,1.0475796762404777,0.8722472750669139,0.9004364308214947,0.8874290976940498,0.6680944728227302,0.8100068869672638,1.6132425779066297,0.283227646194966,-2.270350832959131,1.118990352337657,1.2012605363903646,-1.4454170446394894,-0.5919763696465102,0.19453897763742642,-0.7614680990262507,0.32863128386261065,-0.7565762533145254,0.043782246469605726,0.5895903977946573,-0.6308612740434424,-1.245098508092032,0.647995325782376,-0.890895397994338,0.5732131372320362,-0.2434055855407453,0.21594620276560636,0.015220368650051469,-0.07051208515568252,0.23880172883899528,0.0642365209420939
P85,0.36058858104881075,0.24545893151342058,0.04867746597244245,1.146837236507785,1.0912333966950043,1.157235269557742,1.1052769309389625,0.9823242160664819,0.9958735138981757,0.8682121487248065,0.5208737464896361,0.6742960768936861,0.8162376221534053,6.531641014643233,-1.652149318694049,-1.4966000532173083,0.5789352958015664,-0.8565778551917957,0.03938780083536154,-0.6522901164046805,-0.8070611947912886,-1.5504236846671122,-0.471567535906801,-0.2957769449084249,0.6439289492909351,-0.4534461141942879,-1.0254829054484669,0.957927774209571,-0.2552353541049957,0.3690759140268086,0.16022628288147867,0.19790898862750025,-0.2531654338677047,-0.08982714892189417,0.04945991465978221,0.0006710166035342467
P86,0.3949587960776538,0.18991603664804943,0.054125086972765836,1.114880898275385,1.1159133861477453,1.1127611016323895,1.1095301602877432,0.9624278189615421,0.9682043382827631,1.1416110380890898,1.2356596049063913,0.7501067882504842,-3.5649925720460756,5.110409206654985,-0.7652871628208909,1.2904981707866827,0.6360736645924561,-0.5550870102004335,0.1730970586332196,-0.5902612964671217,-0.49794002196365394,0.3785634636547819,0.12983067879724244,-0.6828394862253896,1.0595847152860831,-0.0701825322942728,-0.47854019730323716,0.4673334004390851,-0.18141634866144055,-0.08903123912360046,0.2624509370818168,0.18539795549217009,0.23005036293283224,-0.23972859058564971,0.00423528674186479,-0.057759838553656746
P89,0.27767259625846624,0.17401818075514155,0.033746328800957286,0.994606516520844,0.8986933250643334,1.0220347199176532,0.9366738866700979,0.9429600263510036,0.968822509212558,0.8972437713844569,0.6983893807514154,0.9201220358208955,1.8838884853435927,0.5254487426267627,-1.2369776989137415,-0.24604274721832217,-0.07903667568797734,-1.3352877576129611,1.9216728424406793,0.2554332147889861,-0.5011238090722594,-0.5590169077870303,-0.6130038112525065,-0.32138704209119917,0.2991437560829645,-1.139058076914771,-0.5485349258916108,0.601010022104066,-0.33860042784940814,-0.13407070398544518,-0.24030174547109623,0.15555425440761708,-0.40562540425775606,-0.2575361481326814,0.3974071966415543,0.17838216351961914
