Video,_neutral,browDownLeft,browDownRight,browInnerUp,browOuterUpLeft,browOuterUpRight,cheekPuff,cheekSquintLeft,cheekSquintRight,eyeBlinkLeft,eyeBlinkRight,eyeLookDownLeft,eyeLookDownRight,eyeLookInLeft,eyeLookInRight,eyeLookOutLeft,eyeLookOutRight,eyeLookUpLeft,eyeLookUpRight,eyeSquintLeft,eyeSquintRight,eyeWideLeft,eyeWideRight,jawForward,jawLeft,jawOpen,jawRight,mouthClose,mouthDimpleLeft,mouthDimpleRight,mouthFrownLeft,mouthFrownRight,mouthFunnel,mouthLeft,mouthLowerDownLeft,mouthLowerDownRight,mouthPressLeft,mouthPressRight,mouthPucker,mouthRight,mouthRollLower,mouthRollUpper,mouthShrugLower,mouthShrugUpper,mouthSmileLeft,mouthSmileRight,mouthStretchLeft,mouthStretchRight,mouthUpperUpLeft,mouthUpperUpRight,noseSneerLeft,noseSneerRight
P1.avi,1.8030502460371071e-06,0.026339226096623806,0.023088323209824915,0.15292677456950815,0.1878565453022031,0.1820204696782946,7.275805488399909e-05,6.942151416294735e-07,5.471872638388434e-07,0.2974444203150824,0.2533729541633584,0.28216622369757577,0.28862149514942465,0.028519609204984423,0.2518465601670649,0.258829243826899,0.033957121084393006,0.1993597068628502,0.1923748084657399,0.4400319522268022,0.3486342255290267,0.00693016065149809,0.007762702325453089,0.00025643466761578155,0.0003036119105905228,0.06967709264708093,0.003789684541224227,0.007382726866721354,0.024158845723403287,0.012176864994181864,0.0004479749808107127,0.000543823626397025,0.009628588272843875,0.0032110244273431117,0.01230871335200936,0.015487617687134794,0.053870604678011955,0.022599002308443854,0.10434855865526307,0.005064106735988662,0.02142786855850866,0.010527329406748252,0.008744887073587353,0.01852063803945633,0.0945647570121457,0.0811302193002097,0.005479856294442015,0.004117931850565382,0.0022062984313826178,0.002437497961951729,3.186032242538821e-06,9.170929647509388e-07
P10.avi,2.4023602374908227e-06,0.11825838386973547,0.05743839811000196,0.02370334944900278,0.051442421448002346,0.13115225306941236,8.072253156952343e-05,1.2369871681534805e-06,7.826355204355746e-07,0.3197930269420693,0.20258799801528662,0.26919984028030336,0.26524628727145527,0.06223730150083858,0.234357912849349,0.23160842998269313,0.07269576589145696,0.1839454132682493,0.1915676718795389,0.46027506005262464,0.3930793584035154,0.00779625853282309,0.03444126195273608,0.00024251950937802605,0.0004564060981698635,0.05570941640511159,0.0021862215778692905,0.009599253318749876,0.015991286541814274,0.011279044708482148,0.0006918254233098509,0.0005829680858840374,0.003183260845909646,0.0022415609008338065,0.006441145447652062,0.011043418227569723,0.12885709545585292,0.0418583374570581,0.03374867185516404,0.010577786841345898,0.016468824316561072,0.008788617084003603,0.0073147517270753136,0.012109531696209546,0.1323836785153446,0.11052353291963686,0.015901248296152776,0.005892741906140259,0.004742860377256014,0.003892206277564343,1.2360580993933052e-06,1.2234464705387327e-06
P11.avi,1.8728562726918225e-06,0.037810870889485676,0.0053336936272100465,0.013816472827419959,0.12260337588287565,0.41484995776528594,4.358929305208424e-05,5.076887851394122e-07,5.652128825968719e-07,0.4860527087228503,0.29374501432035544,0.4214603803728605,0.43343224726789953,0.07328502652973698,0.1096091187752346,0.1146806134103465,0.08572101025384408,0.06557008253873758,0.06947152739587521,0.47724655735671034,0.4537917726717343,0.0017861138072682644,0.004787440168941856,0.00013895034323547147,0.00031336631577968846,0.011118217253424444,0.000580050129998673,0.0010925560192211602,0.035660874560776656,0.024523567176983257,0.000682629288363961,0.0007266409220728336,0.0014356417920715593,0.004032721739756436,0.0025987670605356126,0.0029590142754335105,0.1570312194250506,0.09942475517163246,0.030316795523609125,0.00166876859323209,0.02021698873728534,0.01329215212516004,0.02527642335947959,0.02754454329623685,0.07562504658272633,0.06573810630753135,0.005168627097306821,0.006075702283470153,0.004158358616831942,0.005004971171348427,1.9635500281769627e-06,8.340573677535912e-07
P12.avi,2.5375520398073946e-06,0.0405029661447638,0.031034054896114216,0.0084235179600726,0.11775610619015045,0.19528286539852177,0.00014546446021768134,1.1197913021285043e-06,3.355213400655838e-07,0.3505061841870672,0.24278986685054468,0.24171411411063984,0.22691585540456238,0.0577831625450094,0.23545568525720817,0.23405631705277197,0.060255245881642105,0.10186528589902069,0.10539668505085528,0.6322650179231832,0.5458675921765503,0.002530347131209077,0.0040389472969335595,0.00025216535219475496,0.000549045599022375,0.028180399272592208,0.0003675914956987942,0.004969175528060608,0.012744908201931112,0.04886389386917409,0.000204261292577714,0.00014318572823200675,0.002853401970495973,0.000958718140292702,0.00887079292325015,0.01477633216919564,0.08493240784722397,0.08097985779981268,0.011245676691409731,0.007264154091713645,0.012532786306247308,0.015021182650141716,0.01451460472105293,0.01142937862459803,0.5955153071874647,0.6018117002131892,0.009548812323158129,0.005175415133189831,0.027885992840835733,0.0369919072944692,6.207237777177376e-07,1.192220772882122e-06
P13.avi,2.6531021356541414e-06,0.014302698134273104,0.005442580161019818,0.1075116523019703,0.18049699443886408,0.24434166179411507,0.00011774194742141015,4.727531468643017e-07,4.3745174119211444e-07,0.3468065907684516,0.2866904711088202,0.2902085673236145,0.2848493398925053,0.046221597527257616,0.13807090087461152,0.1330874352649004,0.0461776480089723,0.04669450508181439,0.04829631842352881,0.5684850782491555,0.5232067567685414,0.0020180887475619693,0.0014715838567570408,0.00034185907126129945,0.004365625079358176,0.02670063567246101,2.580196701465974e-05,0.0027698046444898333,0.049895242994833125,0.006392067792529133,0.00045842885656892997,0.0006982444610573665,0.005124592593789242,0.022382678867992743,0.007450080419178013,0.014125549964340376,0.06973286171423225,0.04679993061734007,0.015383463755134176,9.791643236654701e-05,0.01045649513035227,0.0062503889428518755,0.009481672155569918,0.02982201882678836,0.17207803607617056,0.1302900923029065,0.003618050016052605,0.011891262809439319,0.04503472580296894,0.037019788667222844,1.8735620014109345e-06,1.688606697882333e-06
P14.avi,2.310573983924615e-06,0.0035172061835049826,0.003042694261029739,0.33601879924498546,0.4617750894622671,0.3512291109800612,0.00021674895277166078,2.1746668390427805e-06,9.858699970702983e-07,0.2743092689105148,0.2398944015546298,0.4064670547460542,0.39225248795718487,0.11816824090012237,0.21354745341756437,0.1822824721943745,0.08792687184643025,0.05605236352572125,0.057204103764268106,0.4376624412012198,0.3974040929987329,0.013215486229153674,0.018613112984050065,0.0007567998379957966,0.0025016513468990986,0.07407631562669693,0.0007279739024680352,0.0035628266318647383,0.016200234337562586,0.014815638671079984,0.0031481336772304917,0.0032946905561300056,0.010443630065815166,0.0015970137108293789,0.05034522727985109,0.07727738966791119,0.08832456276453249,0.0787589328446941,0.042352220847047845,0.003682549083636194,0.02522456868227621,0.013076167917430537,0.03789391195402439,0.04122952493081271,0.2353696445437194,0.22968517927072415,0.012262326146790434,0.02025192072557455,0.10845900848264134,0.12068378720266433,3.3195965179695168e-06,2.0436393283269494e-06
P15.avi,1.1095616037232275e-06,0.004655941408542866,0.002584402774723773,0.45411782468243356,0.35494632026711703,0.37919539435568855,7.152661884008331e-05,1.8422839197306395e-06,2.987849867957416e-07,0.38659184590145523,0.27947184382491774,0.35171052983282297,0.3483234849502175,0.20477390592085298,0.20791554023488998,0.2043984779531952,0.19661737118905537,0.044095915207813016,0.05188594772951963,0.5391680263371208,0.5533358551170211,0.002468781424521284,0.006102101313694323,0.00018046858313086118,0.0013289361174517278,0.2037826636625868,0.014205265797542334,0.009394186553585142,0.0072482241868663325,0.033781566758158695,0.00018415686306602502,0.00017624504084831676,0.015316830271668748,0.0010427663914214164,0.030189795404941242,0.03120070159254753,0.01804408784426537,0.03509846128752718,0.29625297137663326,0.010668044881201459,0.038925982730431505,0.030838248824171025,0.009632365958631192,0.026075507183977477,0.013787890864569127,0.014127770403095078,0.001393281213640893,0.001170217114528465,0.016239658713042997,0.02426035763976625,1.8187119558108959e-06,7.43101945778618e-07
P16.avi,4.123504834585512e-06,0.12822436517630578,0.10865487047497177,0.032051495712883064,0.04730059611642918,0.05795431958674087,0.00012104428237298149,1.5779298770105187e-06,1.0045584451359086e-06,0.27946589395246224,0.15181220071127433,0.2564673964231723,0.23462049677591912,0.13055827755550742,0.1589529542168213,0.14996759060265072,0.12660023645176033,0.07956907746392017,0.09260237800362416,0.4156966740591658,0.515453942421175,0.00401664504352353,0.013068591139460359,0.0003388171901640254,0.001581485820244414,0.04594248343525397,0.00039295742169775716,0.0030824816960089148,0.012815322026141185,0.008607227898247348,0.0032941605968117033,0.003593666958057915,0.0029964200756543292,0.00800820194018226,0.01532171294416515,0.02158309326678532,0.09838646069520743,0.08204592482037419,0.014077330308443263,0.0004970703920753616,0.02890917740720281,0.019898324049383492,0.04006246546968583,0.05174241850564458,0.24637183952111366,0.22357575253292986,0.028837229767615755,0.019833851162094653,0.0507887165330925,0.05725582268447847,1.036920475993061e-06,2.2414009625224496e-06
P17.avi,2.2906555156887827e-06,0.041968689996410916,0.00789719496688225,0.4284002114108727,0.1051375094181203,0.25479695787599493,0.0002334699698114962,1.832375412026612e-06,4.78757591650673e-07,0.5373099852341371,0.35134658656255313,0.36692848047319326,0.3410373972033796,0.01710182273908228,0.2898499196087828,0.2943077010398207,0.014474544453628354,0.03814022072764202,0.043807016682644195,0.6253313166868748,0.6280965956955593,0.0013228210742698562,0.0018246914333138703,0.0006972032052779056,0.0015328254294472595,0.023157253163712973,0.00023838910758092945,0.0018718283793419726,0.09265636216807069,0.05968342833302083,0.0004901425764055744,0.0006519437017392721,0.005554793620327577,0.020008208770821795,0.043817759217597084,0.06653293307561728,0.09897523407780075,0.07791757252499193,0.014513630223401876,0.0008387108843082916,0.010554327686357192,0.013578307356808919,0.008393877119990496,0.016202013860808807,0.5146255265133101,0.44473407415578053,0.01937527396135869,0.009206215323448692,0.12658737924747474,0.1279633981036532,1.9507308853541897e-06,1.953515989235842e-06
P20.avi,2.2795314837931323e-06,0.2223899264046517,0.18476644759290542,0.0019299222734774008,0.025792753889164858,0.062936713195915,3.6880600343791904e-05,3.0299963626341274e-07,7.213031762416702e-07,0.3946055152204734,0.2878734103541274,0.2976580624580568,0.2707722580831608,0.10643805025430399,0.18808001558107232,0.20775237233734956,0.1263115615664323,0.1077284171503986,0.11992311123517195,0.6020465463147961,0.5678485051111264,0.0021830344423425787,0.004149948118107094,0.0001317505907290387,0.0017543819585281505,0.022375468184640084,0.0007208758884955036,0.006553193505792971,0.07136225644189423,0.03782053367068784,0.0005570814757256353,0.0005516993328835275,0.0007809240803821461,0.022718031494758404,0.0012181520420906416,0.0016692297818676747,0.2077147529141215,0.11025670138490527,0.03603199667949063,0.0007298316582652538,0.10040213242392973,0.07375549986886441,0.019589645301860883,0.00378391716356434,0.03787471920988712,0.02684421305599012,0.0030729596650598983,0.003239606950560194,4.1683657136019835e-05,2.7088036104028776e-05,8.994231782701222e-07,5.062122132879303e-07
P21.avi,1.0706247461554775e-06,0.0012209320224999588,0.0005085852028270276,0.6497277381193455,0.35217180396640324,0.3775177624999697,0.00022967077477645592,9.524581583471022e-07,5.16715160823131e-07,0.30722240028929054,0.23224143986973084,0.35176973749466106,0.352211880497755,0.11077808425795252,0.19976621414716236,0.15570155021554374,0.05618463750607905,0.046805789364681376,0.038081116815463195,0.5431473843724879,0.4425810032484253,0.0042361647222898,0.005010096866598265,0.0012141240049886053,0.0007479322670574131,0.04711776568280047,0.0005634613944230257,0.0018554352023865796,0.04161232522374652,0.044353359877027265,0.0014436777161467899,0.001376334111950176,0.009887949505583084,0.0036611171202895194,0.07830407448423209,0.10547851773166489,0.06600977189921159,0.08804704521656649,0.010514350267071199,0.008475927810824315,0.01331314758804889,0.023959553899993713,0.023420516365495046,0.011280274226312968,0.3260611195590656,0.3271425813935132,0.007728620307348057,0.009985961188831223,0.060373191077738086,0.06978677204495677,2.318232099623631e-06,9.5104617792941e-07
P22.avi,9.708229921527245e-07,0.0007822892896221109,0.00045723408379844946,0.5434127449560593,0.5183725418620014,0.6321764773249886,9.148493161459376e-05,9.104933771980874e-07,4.7145789045555193e-07,0.3435118869553062,0.31529377432543404,0.3330898784376573,0.3349509759914234,0.1298865086737925,0.16098643658487954,0.16232718441668562,0.12874790093693683,0.052656410536775416,0.046845479221508765,0.5456399124119212,0.3587238542933842,0.00272636980224067,0.0027352606774308347,0.00021513000826435584,0.001877709672686794,0.08902934564540423,0.001560258457550204,0.004249366454249196,0.011048138704052335,0.01500757113750753,0.0003784496927222917,0.0002640072572175766,0.010686085566829144,0.005134116354063926,0.015327014694871095,0.019721775263753603,0.054443822734512246,0.0373895611914555,0.08731229670008979,0.003181326647137889,0.023130697618764615,0.0352785030392024,0.011777359850567251,0.017760722886123015,0.06407763838272043,0.05726318121114328,0.004012650933302829,0.0018453968024081506,0.014912165844350964,0.013186557656313517,2.7499706761402452e-06,6.791045491915542e-07
P24.avi,2.282118714999235e-06,0.015913035375077184,0.02143593876263803,0.05838152860538084,0.22390601901994264,0.16163679374986784,0.0003502459673496107,1.1306314015578969e-06,1.112065921832316e-06,0.20813612114270538,0.21120875220519092,0.21381975018495025,0.2138704868011604,0.07234492881277339,0.2329164157069836,0.22305694678324567,0.05868232855690335,0.14060957936185645,0.1265646974384955,0.543117330472051,0.40087544646004003,0.01012275579904112,0.011076056251172464,0.0009825745200525027,0.002882492524415798,0.24061533226419837,0.0019177358935835258,0.01817742685144912,0.038042760608768884,0.011517232690794162,6.409167989923046e-05,6.923808712176136e-05,0.02470208102540906,0.005492109142930802,0.04176465112874338,0.08657613966137434,0.07915308925412914,0.0610014851139741,0.020028856927399283,0.0006347333337524297,0.002790659355142418,0.029894358720178465,0.0006078468434977383,0.00427894359339156,0.5587944912068641,0.5157689712870974,0.014984138767932188,0.029623785423475598,0.0272393061613802,0.024868793426941097,1.7599726400843028e-06,2.8979450745090516e-06
P25.avi,2.274494791436892e-06,0.042053257386466675,0.052218898705741985,0.06912266426929238,0.14282209752995767,0.10330058611758328,7.710570519122622e-05,7.922626852522956e-07,5.953993866932361e-07,0.40462136197587906,0.3300524443155553,0.2987229265794714,0.3070412074675038,0.04947390722577475,0.20789638962231638,0.2116701077585253,0.05424857597219872,0.1693862333071235,0.16721494531923667,0.5262080949719931,0.46329134620472434,0.004986300014620135,0.005780976001184009,0.0002362376436097977,0.0006032340687172625,0.0842289957339195,0.0022317414620318587,0.012642466354964764,0.023794985452741203,0.014918347958029508,0.00017134429688121257,0.00019210835152271713,0.009831541604606725,0.000753634777227398,0.014477870841111525,0.021031164941122553,0.055245034724122864,0.03795097836481839,0.13960569003645232,0.02112498323541062,0.02429606095913453,0.017229940804716605,0.009466988389325005,0.014644658791636664,0.08174444220870769,0.08531338463640731,0.001595068519376867,0.005155608622993823,0.007989502281522594,0.008114051072412342,1.7195768736448198e-06,1.297305600866452e-06
P27.avi,1.1966449092308549e-06,0.050431110376365156,0.09555148631301212,0.05026181496218156,0.09169259165376399,0.052297082554661624,0.0001043965085643078,4.9355747235278e-07,5.515066367090242e-07,0.27934650287299695,0.2828082428411023,0.30071070929521215,0.29554376255797027,0.05496621433205586,0.26954402118864235,0.260897322847402,0.051982682418682896,0.10599522478194652,0.10081570309349312,0.6232562078163996,0.5378491618287892,0.005902393965173812,0.0046161446599947194,0.0004779664951210643,0.0017327866881504965,0.14483571030760967,0.0008952411271997402,0.01800652083660326,0.0049774433270005514,0.016429379107704017,0.0004884945011670434,0.00034649844608394305,0.0070007428320826666,0.000606592436773199,0.017714813827444248,0.023439166388055262,0.07405223872718661,0.07381583795960789,0.009341022428820489,0.0026526934917594476,0.0075024195843853255,0.017791324072238105,0.0017901482365644487,0.0024993907030219325,0.14614416411983028,0.15190212908660858,0.024567687186348608,0.012305096981162823,0.00047236624147557434,0.0008435734610086346,9.077967615428783e-07,1.1269540590110776e-06
P29.avi,1.6417692269780171e-06,0.03221023890569691,0.004561303280749896,0.051905189730647526,0.13714170017113367,0.518691347752044,0.00011425336897456842,1.8956672561961412e-06,6.048707901521907e-07,0.36077785036032683,0.15872987305551411,0.31278175451664486,0.1764163659508421,0.0591846343062951,0.2709330167727621,0.3149002375435129,0.10575659557380544,0.10186965113231032,0.19168559616842373,0.32741317383760005,0.5360262412274206,0.003407547652058607,0.024234818680426814,0.000441500092412672,0.001549071668721795,0.14020871121288514,0.003592845736074654,0.0056200200341489405,0.014079077882386501,0.0158591398953585,0.0007251905917615867,0.0007680690925684086,0.007049432132789536,0.00726106625688037,0.031204651826434192,0.03496630771597074,0.10164031955629983,0.033649479696417815,0.023176456568035717,0.0021171594496896327,0.007885856827738898,0.012705150878605983,0.0019756722116998663,0.009602404459472733,0.12847203821910264,0.08303608140160644,0.01852845045932361,0.0037188615915238975,0.0015707356373802484,0.0015410859921261965,1.5679776169289181e-06,1.2207838577602026e-06
P3.avi,2.7331156395564136e-06,0.2540033648747654,0.2294773560811854,0.04634118784063376,0.05240619898536142,0.11471569561162216,0.0001903848649195166,2.090816799299238e-06,5.466952178416858e-07,0.4394956407152946,0.27367274455108215,0.3310957141689964,0.24527847298450217,0.042079840312492005,0.2125414977541884,0.2566415012640374,0.07510241588459128,0.054999810005135465,0.08575665294068405,0.5526863644567224,0.611415491742497,0.0015260373982710332,0.003386333908607202,0.00031808935553988743,0.00040503201403302994,0.14459173049264173,0.004981848957078286,0.006575498732879955,0.007192243177952256,0.014843129520623676,0.0007336522871967997,0.0006589616498529941,0.00945472814256335,0.0024769748150728723,0.0227643946856597,0.027309990934328617,0.05097099324019781,0.028995416032165357,0.013897774826033956,0.004228637840386149,0.00761356768934527,0.011287000031701843,0.00436657479663698,0.029141805526957255,0.4804611610396307,0.4479727609489867,0.03178986397646721,0.009727683338461178,0.06578749328557706,0.06683030483734811,1.282322733051954e-06,1.975738386297094e-06
P30.avi,4.273967779256532e-06,0.04426808460500202,0.018522497675862233,0.0741804410279309,0.11993295729715926,0.23294564380084484,0.000234632258212803,4.664226280896902e-06,1.1079734179104345e-06,0.3532056897135498,0.19747997226452677,0.2694821731435609,0.23096920404461682,0.13012885511386096,0.18067866934354218,0.1637983187297069,0.1301550501968393,0.12549150797916458,0.1472051095275479,0.5978584370004715,0.6311781475723977,0.0026759414909365824,0.014908448225701677,0.00036050928084884506,0.0008924884093482325,0.13826193664903685,0.002014574717150261,0.008804061641259223,0.01266309886161836,0.005601945358735436,0.0020002841909704363,0.002033075121338349,0.0062846981735294955,0.0020408142830182223,0.026529516053174898,0.04893932219140415,0.083246166152902,0.027085873538280052,0.02741467610741913,0.001432404994251274,0.009998611363222557,0.005446963934272917,0.007404243239073234,0.01793650891987077,0.5221354025417868,0.4396838928299227,0.051628439571495675,0.029057814220092675,0.047000170034861385,0.03883314495751074,1.509049107887713e-06,4.049383892688671e-06
P31.avi,1.74848176210782e-06,0.017078834759040953,0.006847490915517286,0.20472745344401982,0.2766846636157094,0.39718872914889575,0.00012440119633515192,1.5899441519442628e-06,7.029081216124704e-07,0.47950234369988065,0.35804221485186916,0.5311418375694663,0.5151052560564762,0.05387996330194388,0.3101655559372511,0.2997300604087,0.04574340288577084,0.040950860917330745,0.04977193167723296,0.4173282379061074,0.47362002408479636,0.0025263635297861973,0.009954502411840815,0.0003916973064902295,0.000302847485043914,0.02345821992284956,0.0028516496010482914,0.0019924176079758765,0.02310486158307403,0.07998856263806964,0.000709942532346425,0.0006350605377229047,0.0024780230810274723,0.0009069064649105501,0.02982747495740152,0.03459431311961238,0.18324413262949935,0.14314428036352173,0.010134960264697714,0.018166305638850612,0.0232091679217135,0.015554781194030786,0.02873382754573357,0.020775796847830423,0.2201237478499993,0.22174452604548456,0.014246753241544136,0.007132979467639484,0.026006400638140036,0.03284576875860037,3.977122589242308e-06,1.1496955764535904e-06
P32.avi,8.585036586364616e-07,0.0006286997760910981,0.00021681090678975728,0.5092339468909387,0.6085869361760909,0.7430213356079854,0.000294865391129162,2.036086569407272e-06,8.971246352524488e-07,0.28463418349945574,0.1633141639055865,0.3174201697469192,0.29086611286470365,0.06587794834134351,0.26752216359323333,0.2484230155655292,0.048043545152130995,0.04309863577516279,0.05186215422465264,0.3299888409503233,0.31361838900298816,0.00478699575714688,0.01876943755226785,0.0008973038449037482,0.0015998319747325591,0.13692453860929912,0.005231663102126816,0.0038640720927203974,0.02426859240181772,0.009971781616308675,0.00021890923732705136,0.00020388644781354413,0.023065935622751277,0.009806535214029586,0.10699270139341961,0.13449479218773686,0.03756460003749304,0.02417264573577405,0.03837989620251603,0.0006193111077560488,0.002644321192658597,0.009590022719130446,0.0022620931984408217,0.02567315740821753,0.3517158761853427,0.30050340670848763,0.01719029907215348,0.008575545611480197,0.16550379797969653,0.1455493608529748,4.631863429644375e-06,1.3088326073913806e-06
P33.avi,2.365416976243669e-06,0.047622966861384,0.02375100052465764,0.024104945494955933,0.13605200478080018,0.3034316224640451,0.00011965173707652015,9.160218076460392e-07,1.1249357765449503e-06,0.36619271646980683,0.18876413663018093,0.30541401297359944,0.2769091251342613,0.11718441146893539,0.24477361692900165,0.24421864838545146,0.12531380441392734,0.09607022599724711,0.11780628424497588,0.4232974521821656,0.522907434961745,0.0038172882134920017,0.021642465737595113,0.00031508754360646656,0.0004375125959230337,0.044981039455337005,0.00270867299890987,0.002158068558375908,0.021225760264602263,0.01134065607921815,0.0012228770220374212,0.0013064346402764633,0.0025397494179184928,0.0023776992830208407,0.022051288632461554,0.0336932009670669,0.15741944644274594,0.07036454653798206,0.030749864089983366,0.002215847616331548,0.02617237347698441,0.02329316954729418,0.015130144349224316,0.010371392541692821,0.24518718167936068,0.2153884727266846,0.01924628453427434,0.015616426058956818,0.013809404914852377,0.016983795596719888,1.6838029524543258e-06,1.5942072927659646e-06
P34.avi,8.848873903531242e-07,0.06754142831653955,0.01790069192878831,0.08798931783822872,0.036977122156740684,0.21695687259158475,0.00011110659828394401,9.507262358293425e-07,3.66729570219727e-07,0.5129032424579284,0.3557988022561665,0.35976089966696223,0.3212159087577402,0.06855062196361929,0.2871748349147194,0.24273983292858936,0.040187504511597395,0.03991874262213336,0.055432454756702026,0.6205555853545067,0.708819354961171,0.0008347933657808002,0.001757380259005353,0.00031960527248342736,0.0015892490881563377,0.2653855574423039,0.004265090390567814,0.006290067197223991,0.005906137971095516,0.015969203847980794,0.0004149012010675501,0.0003174971831286312,0.02059599390808426,0.002954049041219212,0.05741408933383655,0.06740801097515565,0.0298938330229285,0.017323305608640007,0.19544385453559554,0.0017972396257567005,0.010383592995230086,0.008430799796201278,0.001165975898316471,0.007734373262767584,0.09999166489662464,0.09161008297971017,0.010580133095853695,0.0035236498796413344,0.011673538629275868,0.010993524191579795,1.4227411906594356e-06,9.186992427043139e-07
P35.avi,1.4443153595752857e-06,0.021187307021431862,0.00950819069067741,0.02840895643837902,0.1190143912967706,0.3075007182388009,0.00011337333146321232,1.4311747327531923e-06,7.669391631094985e-07,0.42097671506775675,0.16086841231745516,0.252311327125691,0.16258089322096064,0.036227593342786725,0.24752278883301146,0.23218543178924242,0.023007764338901074,0.054210168554137586,0.09236887421860064,0.5094929442113759,0.6905655378484961,0.001156445137370672,0.00486784111880445,0.0004139342473786345,0.00016355183143120864,0.021150859436116925,0.001768465911573067,0.0009149497967573002,0.012043140989723028,0.0056158969564170675,0.00023142078515961463,0.00022506873942108044,0.003701824620058059,0.008597409440524664,0.037295737620990366,0.05375274000341206,0.04890316466097625,0.028757281521208097,0.007653144830631395,0.0001230397507193219,0.0038637689924713703,0.007317535019919465,0.0018470094799306024,0.013020994340365832,0.5527130111326765,0.45729268615567936,0.028706980074174507,0.019589991112292746,0.049570649593707515,0.042240415006724416,1.8543628768557354e-06,1.497739049255677e-06
P37.avi,1.7267231746158655e-06,0.08641501548265265,0.05699087505613288,0.06832782041919161,0.061753427072350424,0.12300991147440138,0.00011575044543330028,1.8348932799282245e-06,6.412004157574416e-07,0.46896795407735764,0.34436862455269546,0.4835381802156559,0.4618097367445061,0.06181236610930803,0.2283982662662384,0.21599151179907594,0.056407228007196344,0.027113622511893084,0.03580003405423657,0.45912848481779395,0.5387613541746613,0.0015917114376205518,0.004370806953869029,0.00044933883989407174,0.0001973556395343089,0.022926612097015624,0.002161317438655491,0.0008859482459366233,0.006826192128897125,0.01568127134588808,0.002965745524881989,0.002336525587603716,0.004471936931929636,0.001063427284838062,0.034800304321616224,0.04445579119455109,0.06443446904855024,0.05073151797120431,0.019967190078570778,0.010212137184414645,0.007205292816933094,0.006765285666950733,0.010520959109276664,0.03629193011593673,0.4093763355276203,0.3999195049523494,0.04584025193331304,0.023644659724764032,0.03965555879219955,0.046453532273375474,3.0970055798917874e-06,1.5753079420527445e-06
P4.avi,1.0278501594893734e-06,0.026948160980281924,0.004249714950948884,0.0413524194187605,0.1709564889573217,0.377436354355445,8.206573159719307e-05,7.7047606911791e-07,4.5565403650655377e-07,0.4315538914828548,0.24116920138957088,0.2906840808112045,0.26902422360846645,0.07390217700625426,0.14566363713965286,0.11493399319435323,0.0492180025726222,0.04506626892901265,0.0715233622229602,0.5216530334764122,0.5356845030621623,0.0016508770628045678,0.004531784217376284,0.00025610508110853326,0.0033251991234418215,0.26210544423436893,0.0050950560221421715,0.0065463770701294464,0.03299318573433724,0.0015154056535855102,0.00024114145314962243,0.00027228045949596966,0.032291698087976585,0.01167473264622657,0.02920453541624015,0.05350585720744982,0.0266821219026754,0.0028520861461185498,0.31273240309661576,0.0008267594385377011,0.005362200805721067,0.01612478719648987,0.0017535328499044824,0.01879823851149113,0.04993879465566561,0.02941161689598973,0.006168852209902367,0.0015116365458655973,0.028987537490069867,0.01875979641435409,2.9204251789783553e-06,8.442022783256455e-07
P42.avi,2.8617037495309884e-06,0.36821199001512045,0.1321428024712801,0.011098152766946522,0.006413833685697798,0.06248716306615088,8.878119781124425e-05,1.2953831883041694e-06,1.037548831649569e-06,0.36090796525736013,0.1824630185047222,0.27095035597754463,0.21408208466179282,0.05397478135001273,0.304419584448953,0.2825388838280188,0.04701202997130534,0.12398047749375336,0.1456150307751268,0.6607975427383513,0.5856163421436787,0.0026166665685179655,0.0132462689309171,0.0005476121061826243,0.000619970094322415,0.09723740276653028,0.006364232245334642,0.005627343930904192,0.03202624462778072,0.0047082284180641224,0.0005557358282174629,0.0006893818827207666,0.014201618573001932,0.007418028677694508,0.019982645144554303,0.03282923546875107,0.07234626723448227,0.014225717345580974,0.04078077659292403,0.0004347000751996272,0.008476329745448458,0.008809854068031583,0.004771838022015506,0.018924169465932623,0.10968692449164,0.06565371061613917,0.010918033228222655,0.010213111098207038,0.004114224760953638,0.002730026766500484,1.353321681761531e-06,1.3913967486028397e-06
P43.avi,1.3382000002424881e-06,0.14246744640840509,0.12362792800213701,0.006470120376975415,0.059939669264765745,0.0823374179961986,4.7125052164326935e-05,5.158590105556631e-07,3.492068953492555e-07,0.4862512619839012,0.29557742846278523,0.3731301062669213,0.29178237130662354,0.06745788034977628,0.18895893399689015,0.16884413453893238,0.05366723064559268,0.060557624903706725,0.08696536161399696,0.543628239460838,0.6983981319986985,0.0013023155328910736,0.0037448712459893455,0.0003186029158683337,0.0009901247651599534,0.0996811092897112,0.00947739394850289,0.03481821403915869,0.04363924763067045,0.02345022991902573,2.5188483036216823e-05,2.4583436300866422e-05,0.008109223340514,0.001852052835223195,0.008653621577487457,0.013808003470264053,0.11372801935297049,0.03661576649870091,0.039006809264998075,0.006460925397526382,0.004708398856998298,0.010289916683108075,0.0018228740580680314,0.005025916700678872,0.1576217564078803,0.12865635962328426,0.004908089674617415,0.0024742449994130016,0.0001750127028177846,0.00013243462309973645,9.88821394934289e-07,4.76941899830943e-07
P44.avi,1.7594174947451327e-06,0.0656656742589834,0.06160567790047045,0.29610872659511955,0.33162566806730703,0.3302430386647375,8.749803672600568e-05,4.416440841622216e-06,8.50434263278122e-07,0.23629796819129165,0.15623724857573945,0.16228365628009406,0.1358332110218629,0.07428094207738678,0.15443042676347088,0.1458373900795544,0.0806481264044762,0.21699217837210208,0.2510998620640024,0.3448798672096136,0.3518763030605332,0.00867127882823358,0.07048688960124666,0.00040338227219126403,0.0008162297488922278,0.11044361410526028,0.007020376086635012,0.0037998736404909555,0.0052089019932663625,0.0014010674040070776,0.013399683693020352,0.013152037634721492,0.035841646960495514,0.006081352816422025,0.02500689445156935,0.028168553194619587,0.014202450259198323,0.005932779211378426,0.16201640601511386,0.002516793624822948,0.006880896223167385,0.0022539350695148504,0.003185883801991776,0.05967944554476336,0.06215574700869865,0.05125082146248631,0.05000948815905001,0.03281371489021355,0.017484178253972582,0.015798111059939612,4.865633269476174e-06,2.1527490021289377e-06
P45.avi,3.781797096471219e-06,0.13317375727578865,0.12974729378862226,0.024622183289196537,0.05308009835606796,0.044477028320980466,0.00012833781657382759,1.9468475078754757e-06,4.151605399207446e-07,0.21934492013229062,0.12401738211825529,0.10552070562232821,0.08399187452507756,0.0999165199966124,0.19505650465727814,0.1985612057332391,0.10798511598863995,0.37703756459422955,0.3742934078393233,0.5124572918531947,0.42945632788340155,0.0050509180620692765,0.01218543296291245,0.00024707186845900053,0.0003160313416302838,0.1429133991780277,0.013840045914654854,0.008953860992712493,0.009315594087141475,0.009800636592803147,0.0005553376937025884,0.0005205352218463512,0.01764436850057592,0.0013353555653589774,0.01772355330267814,0.01840941454747006,0.03769146706586112,0.018907205640179357,0.06324846203115969,0.0037409516691378937,0.0038182350647584084,0.005377779559761929,0.005415424924572933,0.03865885139680605,0.25959169022097744,0.2634979122176308,0.01267412931367467,0.008965054941443363,0.036947425495523906,0.042328583175755455,2.0256512964554745e-06,1.63496200463983e-06
P47.avi,1.0056080436414625e-06,0.052874822570586,0.04701843045817986,0.003816949075962704,0.09768082692471025,0.20426998928596826,4.392931345616372e-05,1.1620912184622669e-07,1.748959810890976e-07,0.47087170946894796,0.3648808964981369,0.28799131183362725,0.2691140162091895,0.03346286644635621,0.30185119288338197,0.3140652934434749,0.02600218056630125,0.07111123920563563,0.07756759404587693,0.6755088281206986,0.705659087001786,0.0014832537047809635,0.0011695269312738128,0.0001339980433347557,0.0005206663078019823,0.020325395990467426,0.0012430810577669837,0.0053940713901079835,0.2400284277362161,0.26739881180063174,0.00013402561223610105,0.0001562893199361679,0.0033203147569176097,0.0018541370775160262,0.002055458598492501,0.002957759291623916,0.10378681768880015,0.07018671711115182,0.05202514210131626,0.013283788877516665,0.009835601650841151,0.058880992388292336,0.003984576503929173,0.005303738064766448,0.061239586549983224,0.05941600576715218,0.0003727471074629758,0.0009424660805991436,0.0018689745040162788,0.0024863942925904357,8.844771794178457e-07,2.3780434721944203e-07
P48.avi,1.637098075629738e-06,0.06704674533342227,0.0452260666207585,0.01619768214804147,0.0710756463311679,0.15247358402120542,5.646872911892492e-05,6.652186924771676e-07,3.486258718538087e-07,0.2538312352819625,0.17878581445901148,0.16430189529022385,0.1557413379551712,0.02552485223658419,0.21596014161011418,0.22656754031299947,0.03177454871047753,0.12063978002364203,0.11586602059620124,0.6347927422583152,0.5287873296575586,0.0027462397194560804,0.0062550385963790565,0.0001279501580207869,0.0005467171690873962,0.07976394657671258,0.0011544776409664601,0.01330290236638736,0.006275170506280294,0.011479030664772703,0.00021624296115750285,0.000204171280454776,0.006887919169039186,0.0012161193471059224,0.003478433221278703,0.004183264415843802,0.036393927676516336,0.015721319410990364,0.08793918031288771,0.015019563206167125,0.00778160790780319,0.0062550820794938945,0.003797985045539964,0.014167299739544505,0.09504216069740638,0.10705931694072307,0.006744135114982154,0.004351318570006904,0.005834592379919787,0.007144456637328244,7.536674774640886e-07,7.845515969209415e-07
P49.avi,1.2596339839442934e-06,0.12421179608287113,0.22444859517493024,0.000224356700861022,0.05066103764448223,0.021358034847410917,0.0001356188474567515,4.3313775782096063e-07,1.5339664046217717e-07,0.20060963882388821,0.1939425951788676,0.1723077387839474,0.16384632346134606,0.2661774534965644,0.05929180511636336,0.06469123543167266,0.2644890627399047,0.1517718005598797,0.14329611733327186,0.6858898987639086,0.5413703518809957,0.0065552868824815275,0.004581899783280729,0.0003775614523670176,0.00015417408513986066,0.0410395888636324,0.0035771784830822806,0.0013608386553056356,0.013719705396203864,0.08521461627866368,0.00013796447354505343,9.888974558534353e-05,0.015592371748436645,3.403511933445007e-05,0.036338979732524423,0.0437333311071366,0.01998289912934041,0.03734099825237322,0.041445766957151416,0.13818530271345103,0.0029827328094686753,0.009280781946870346,0.007797047965032498,0.04287211719142575,0.09536164650795695,0.13597521386885758,0.0014866451991454425,0.001961156435313571,0.050283763623486286,0.11002357149634161,1.1758733000748362e-06,7.781650533725268e-07
P5.avi,8.884541061232709e-07,0.006699294098253367,0.001308035016993018,0.4194963496347489,0.41907540551110445,0.5453070954262003,0.0001280428991681922,3.454568382926318e-06,8.594362403998018e-07,0.08777910084127089,0.04945493506250612,0.11168130587012784,0.1045770313964165,0.029975472672020484,0.22143603782882573,0.21431367955782563,0.036631205644501716,0.19345575684064464,0.2074012924262413,0.22829295837873956,0.13378980387450018,0.016322582012437078,0.07025465838638206,0.0007442511842746583,0.0001726424608347685,0.10111394765916645,0.01679542332591463,0.0007887503593845534,0.0071252194598859465,0.002433251767683521,0.006151113294524399,0.0062428679772563046,0.06758733863572719,0.0024816626523074554,0.15428363009780732,0.15183382035448106,0.012498943709207302,0.00391949241813851,0.23022432252456257,0.0013325183964658976,0.003956987842616572,0.0025044388904663273,0.0016669154156867332,0.06636720337656328,0.042439511534282603,0.03376685805322576,0.03922857297963005,0.01516251506505302,0.05494460538380411,0.05496246864551726,9.805914949272374e-06,1.7662327902377213e-06
P50.avi,1.3446472186562824e-06,0.6412649644718031,0.6308793954482772,0.0017659874959699811,0.002893340714107183,0.0037853064699522395,6.303942844525504e-05,1.3752657085252655e-07,3.171677724196137e-07,0.5219633745438254,0.38439273948935393,0.4468517651011864,0.4387647661192562,0.04995380317600028,0.18816278338133136,0.18790346448508194,0.05232142463017498,0.024972346685444423,0.029567658192115636,0.6799564427632694,0.5597331742120066,0.0008330748483374784,0.00101218978862007,0.0004001270538654951,0.0001701543659211606,0.030156004692885603,0.006553279594616533,0.0012153452298234312,0.14603646116840524,0.11426332025592767,6.731079364796703e-06,1.179040335542938e-05,0.012350835321607734,0.0006135136943817778,0.025921246976588527,0.04083744502014899,0.06661176540120109,0.05380984436388731,0.08261315561084837,0.026878435009425262,0.006875076348038975,0.039631252740267374,0.00822522923468154,0.020703082960703122,0.027764733579145415,0.027500752831083972,0.00021747510457372727,0.0018435629816543047,0.007519492151774571,0.008065345911870064,1.4586537496663965e-06,4.134589100180904e-07
P52.avi,1.3106609469663748e-06,0.002338668370703978,0.0010707786172614857,0.349609478601838,0.40654713790502317,0.4344176711117937,3.348674548967136e-05,1.020530880877764e-06,2.327816002001073e-07,0.3732132616449074,0.2679339389112655,0.29659082675119025,0.2955376827036597,0.017627145561406085,0.27188340140461276,0.2577125002381311,0.019698633555072977,0.04070630311606984,0.04906067473456142,0.5186505798757364,0.6299996309368208,0.0013159750856434479,0.0018274179516914824,7.435391164521734e-05,0.001546730472956501,0.13375603149453394,0.0021306961278012857,0.017698092815347878,0.001509400749393219,0.011870033470702692,0.0008877760960334784,0.0006957831640550633,0.004608052444301854,0.0016923942283642711,0.00406528154019159,0.0027689063076038137,0.01738937752889238,0.0343978349545317,0.14430758756253956,0.005779875575132501,0.0294230163670667,0.01755097999984861,0.010718204654593886,0.017519574122049134,0.0025280466285059295,0.0031986493924613195,0.002233367640300017,0.0022326814091541036,0.00040634713356234753,0.0009016152385117328,1.2738826819257767e-06,6.296016199874239e-07
P53.avi,1.189124978048197e-06,0.0008804917661176562,0.00038300464946997936,0.5130143524159447,0.7503872492503646,0.7784895680939803,0.0001441042363292026,3.411002745525555e-06,9.510135887084676e-07,0.3721475990395504,0.29313747065654616,0.3503235904810795,0.33934579244189506,0.04594000299014127,0.3060683183689215,0.26639743507989955,0.03170159999634868,0.09262405886857673,0.10180030059749198,0.3845250236914288,0.38788385782991686,0.0039558142146390125,0.010276359590431113,0.0006226029309892761,0.0001784921965307951,0.1427760960150647,0.017844211056419822,0.00393523306104201,0.010812043453110326,0.0051680583962953625,0.007207720413711749,0.007277983061096844,0.02314467220849035,0.0042855720906196,0.07965679200010606,0.08889624390839593,0.04089150333628429,0.016599481172838885,0.12990397807813808,0.005747423469890154,0.014395115242736338,0.0061576212622890415,0.005403349281897222,0.026679762585901858,0.1318848166867228,0.11727399154429378,0.021668317081559307,0.017516760244513034,0.039184144792395854,0.03149103051496721,6.7435340432991575e-06,1.5177600830263512e-06
P55.avi,1.5970601640198848e-06,0.022258336039422014,0.01965272311186217,0.21823234950371978,0.22409847157244953,0.332934370953478,0.0001423241735021785,2.571866986143818e-06,1.0368118543143964e-06,0.4674627024933802,0.27037808937970076,0.38952752399416096,0.33380592926202907,0.06876285788831442,0.2579237497333891,0.22058777059926474,0.05435555526889567,0.04109123566216193,0.06726277600191924,0.4502621348388772,0.6063776207358941,0.001775443877104708,0.00953862231985811,0.0005967379679436865,0.00024982834813518724,0.08957936922465372,0.00834066992158013,0.002001953770460311,0.015158904783257848,0.00755414752915647,0.0018360206948004369,0.0016679046290574825,0.011367923706463022,0.0027030118916924286,0.07869765983076255,0.10866920214169207,0.0950539239500391,0.032359801647478925,0.022714205335416418,0.0038700224239574914,0.009053148705682414,0.005420292227522575,0.012745553512702982,0.020966026900061076,0.3200342662348802,0.23464488474222947,0.05016834085064601,0.021956988337800635,0.033326110647805406,0.030307538209832903,3.843953616253139e-06,1.7094791730089475e-06
P56.avi,2.0233616879119894e-06,0.0012622717852650623,0.004350630851459654,0.29460502131898064,0.5786118856931809,0.4809627744790585,0.0001203263031011474,2.279575093641119e-06,8.008852048706793e-07,0.5307342161087523,0.4441901669726752,0.5543194903427743,0.5247936015946885,0.005407218128042363,0.5235131982189581,0.5317662183489597,0.010635592412656237,0.012825108562508177,0.01666721639876112,0.47793750158214,0.5719905506026114,0.0009418006123147162,0.001335933142366538,0.00023851932967690331,0.00011210413270331346,0.016152099937693617,0.0014622204121474578,0.0013623050560952425,0.002040771154676001,0.011197098543695072,0.0025670872669352213,0.001443102475139605,0.0029005441756887185,0.003051670928772527,0.006580250825101519,0.00762513395193036,0.03049021303645732,0.05844790315831874,0.014237200982951826,0.002300121940173726,0.008090548114201294,0.004733444414962707,0.01587534116577893,0.05871255264037985,0.45416230958672543,0.5607071388453477,0.06794994573590804,0.05507077080343751,0.04546180902899142,0.07469127666922716,3.2930483292818116e-06,1.4434300511214244e-06
P57.avi,1.1034577051755244e-06,0.02008976843898129,0.012391219832137281,0.045538754573601535,0.16457374811132044,0.2690309593711713,0.00016079372442185026,1.917606416509454e-06,5.209650100998778e-07,0.29706218080381436,0.16315382470952375,0.24724598854600593,0.2264840545859497,0.03808138772029444,0.20505296927163114,0.2219311824679397,0.05275296137524519,0.12195601116204452,0.14842928382533865,0.3012420390932807,0.41895261881758034,0.003944241126762724,0.020868500142415536,0.0004297583442335609,0.00029516080343520973,0.07017406820382076,0.0038668786723803973,0.0019203592571101328,0.006284785946107934,0.015521748794282189,0.00020031985968195997,0.00012988714696173873,0.011873324326300491,0.0016056595349529105,0.06448150993699152,0.06442225493982748,0.053672324154034765,0.031143916543350025,0.01698288933234899,0.0025340497337610294,0.004019703134678564,0.008334858611515584,0.0030872402484008778,0.022430698642717427,0.5390663526193662,0.46820619292646387,0.033510447894043255,0.004695762720294195,0.06198292248881228,0.057156278527968715,1.9179669291078005e-06,1.7059635054717964e-06
P58.avi,1.4234443181633607e-06,0.04348738783395428,0.04403317706077982,0.024760634111784564,0.10069149020919554,0.10409594354921096,0.00018110932071299104,8.004549595403693e-07,3.5435809737646346e-07,0.4264678140388118,0.3436719344205629,0.3898794689053112,0.3746110225912433,0.07180071439307252,0.18834335549610942,0.18064720299060802,0.0660055750416616,0.05427022462493565,0.054448178608543306,0.5463432296901304,0.539441277185665,0.003316037294656479,0.002806094547299473,0.0004681531859398985,0.00069924219186954,0.05704115282329913,0.001204930376956367,0.0024155567565080104,0.006334684120882516,0.030343889359541423,0.0003949131458838199,0.0002569455735573652,0.005461340171178639,0.0009757930383977693,0.04582913344917864,0.047998767458769506,0.04832312559459302,0.08452880053457938,0.011096305077522463,0.004469808557243823,0.006187903079282223,0.012873987663448041,0.008379892277680854,0.02244811721291349,0.31748956682801877,0.3655087862056853,0.013212314259552311,0.008082660017591036,0.052237279514775366,0.08321563725481236,1.2733929269237196e-06,1.2142666701717907e-06
P59.avi,1.5961000433336451e-06,0.023496797821075575,0.0027714084219387157,0.04114414301441728,0.11989762475971531,0.6182071611084821,0.00010869035564212205,2.022368947150671e-06,9.284427492869554e-07,0.6276893459085123,0.366794015061705,0.517091563563247,0.43285258407800636,0.09550433737875431,0.221472546655834,0.16551729018797265,0.0719975955411021,0.03589358920690078,0.06524957264958803,0.5349637883749078,0.6563812974745774,0.0007505750267758675,0.006395268931600126,0.0004656276204800207,0.0005056999805303338,0.03405428478884269,0.0030978864033610574,0.0010687110038700234,0.028410030667018457,0.005034734448251682,0.00035417550016629714,0.00041615631193361283,0.008418500110880502,0.003122796318564885,0.04783048651975488,0.06749170795645228,0.13423209204061912,0.020224878118205548,0.05078132278881044,0.0027821816807959664,0.005962460234992894,0.005284713662248308,0.007039235649815912,0.016278663917645035,0.3190076612707273,0.2036711243277597,0.01779418261811183,0.007960014798062288,0.02392023504763789,0.016544511166972767,5.046934854661807e-06,1.3996445409047164e-06
P6.avi,6.874765929214701e-07,0.02247016263450246,0.005111709798702212,0.2624709131081007,0.1869727040515077,0.45054169594548493,2.6916156095607544e-05,1.8212940494935633e-06,3.624648559565812e-07,0.5353934773324219,0.4664929771383087,0.5171991915181438,0.5287919685707869,0.05772530892539575,0.23035772764734533,0.19129872542117768,0.03257650710465574,0.03192712749404738,0.03784849619919304,0.4772525034983633,0.5527173873760874,0.0014739033508158403,0.003908463493790791,0.00013488011369944825,0.00048496855000285615,0.1348537310763635,0.015047252853109554,0.002960216908689398,0.0051912927400043045,0.0018842888707009098,0.0013220113853248943,0.00122076233794817,0.04019280529449804,0.0014796484005361956,0.019931466000828967,0.03548177721958809,0.010363505841278403,0.0019035381412662662,0.6146442297461757,0.008224798693934825,0.009107078852800689,0.006442446606224575,0.005067249136436428,0.02028000695893504,0.00909667426675513,0.006823482227885005,0.0024016046546621274,0.0014052353796561944,0.00664864027320743,0.005924949775249597,5.903471044625447e-06,5.730188087994201e-07
P60.avi,8.858382493816687e-07,0.031344702468855706,0.01010903128687329,0.10171896276095203,0.1593079661226949,0.2514203480698585,7.13662225171822e-05,1.6084701480474032e-06,2.9810812943488625e-07,0.5099526584513052,0.36385181779670045,0.4883716260558849,0.43972346859807193,0.08934458099630328,0.2816267867728212,0.22311378295635179,0.04957639254509607,0.022451873706894297,0.035919515177139635,0.43369169896610643,0.5766514801738983,0.001273102805316908,0.004437674082089087,0.0002773733451976195,0.0009458321446048701,0.1702776078742649,0.004547590941793796,0.006660836502116856,0.003979486726650216,0.016474111922033345,0.0020235281331930344,0.0018456316891639895,0.04062092049120897,0.002392563797585912,0.03580540973746766,0.035009172308246475,0.016530286255164558,0.021854800251275945,0.22268545561074038,0.0039028916133709503,0.007763931116155437,0.007102967154388703,0.003957004621534232,0.026429616510580296,0.12129938790629459,0.12374554970892923,0.012941286381286462,0.006444863418302812,0.0283277303116448,0.03348563072695377,2.3081455897243666e-06,7.998774499275921e-07
P61.avi,2.667523731847015e-06,0.5493495176830502,0.501831803458674,0.0007329706956816182,0.0055099913319882395,0.01047453597788578,6.055100544598623e-05,4.826463825003636e-07,3.717994556910094e-07,0.36595195885640625,0.20141196991509175,0.2166439586011508,0.20376275886845743,0.04521935200855458,0.10475188983986768,0.1442583050079962,0.0887639300794075,0.12515850087413427,0.1319130949368637,0.5891743414026132,0.5297215520759486,0.002332023722268798,0.003653437047429966,0.0003260299477362286,0.0004319975175673173,0.004249998358499926,0.00011342279746743218,0.0004962008246890766,0.012843549184301306,0.007403928981499689,0.0008002747167390198,0.0008649916949932164,0.003077299793900692,0.003488226517843464,0.0028331921037433165,0.004979788550574604,0.04687011165020339,0.0614152519289519,0.009801663196960254,0.0002942739643874501,0.006350272570512513,0.003396937915023276,0.01400922645821164,0.028490297117269556,0.41536904307161704,0.4336949122565054,0.01347163414899426,0.029490792137093706,0.014706412723559272,0.017767217796141457,7.167525429433696e-07,1.2012239730222554e-06
P62.avi,2.2055746523124625e-06,0.025194875094988564,0.02151757872719502,0.20135936743863111,0.18067348070378722,0.20243189662630812,8.49762427032581e-05,8.060183513366015e-07,3.8910464227648666e-07,0.18428579215011687,0.2507769626938972,0.12799149727725118,0.15821379538019628,0.04296855695259741,0.15399379337422017,0.17410510509392277,0.058169135294562246,0.1697422874108038,0.14282535625475168,0.6399607468158641,0.4723432865687678,0.004781766955874899,0.00418571948271988,0.00010997134358650457,0.0018295368174368351,0.09720565223724273,0.0024943079237102913,0.009886822189958502,0.03777701111178094,0.003775542212668226,0.0007621149797565216,0.0009510818494302097,0.00815890989520887,0.003970299360568807,0.005757676183016574,0.013042277430146274,0.053808994846453684,0.00940157301226898,0.36546636958468054,0.006427003153177903,0.048665249033293806,0.019755314038009588,0.030961289055680984,0.023163785185782104,0.03177541057073398,0.018248283434994593,0.0018343288516583756,0.0013642659797770916,0.013326067835584649,0.009399396770211062,1.8221612372828224e-06,8.484088977981634e-07
P63.avi,7.328129261671152e-07,0.007176281096362448,0.002513037108791355,0.057480309354761124,0.30524300133579946,0.43582044498629935,8.215897745772854e-05,5.411934000269447e-07,1.9111292448971757e-07,0.2501802738654115,0.15074330974410188,0.15616490459249766,0.14189857236987732,0.06550143426799937,0.22800571445845258,0.2307902958879425,0.06534819307618728,0.12109905255643559,0.1214140969142357,0.6305197234059503,0.5112968950548825,0.0031606397807166426,0.0061245801700956165,0.00026172471091238036,0.00042474415924609825,0.0399325288749992,0.0009042758927621087,0.002367297730443269,0.012928374645885126,0.022148833986004788,1.7502006624925993e-05,1.4644858770135855e-05,0.014245834748819353,0.0035280409134206287,0.010212375419999364,0.015019453167615616,0.024898120334185505,0.019108824408275354,0.051651917300760804,0.00169165379490826,0.001162987221378494,0.005052933783909871,0.0010848249584617968,0.010219447248346267,0.33397711174715694,0.3258733999827724,0.003180614287050432,0.002012453899461305,0.017021807193986542,0.018728331833897095,1.477846681770918e-06,7.370834253723623e-07
P64.avi,1.1350126012882381e-06,0.1839468011749707,0.16399740118199196,0.003851320089747582,0.031147482699706477,0.0405372416560831,3.1530142662852206e-05,4.844495856652893e-07,5.830116337147041e-07,0.36913193755783563,0.2029031344451847,0.20127102165332098,0.18118333956683735,0.11475806586718482,0.20982024785646286,0.207264955270205,0.12348159644998458,0.11246404470528153,0.13999958582465802,0.592680348750124,0.6364997330750647,0.0016153041995712423,0.004564533363564008,0.0002483691440368541,0.001301870760709762,0.05202560699793691,0.0018047245195886102,0.01352423059359729,0.01607250859399627,0.002515174268090023,0.0009146854266985485,0.0009459884980957501,0.007502763508617819,0.003100031732566216,0.006258283920841023,0.011773742793104178,0.08142472574237611,0.015581104489739213,0.26836940541786297,0.0036811808475703716,0.027843740586231177,0.02144162108800065,0.0026379283674458948,0.00280587131041346,0.021183819201911477,0.015256175505550865,0.0055145146465414106,0.003606828977819816,4.910913791783309e-05,5.2433364685981525e-05,1.1754127420746357e-06,6.336118436969237e-07
P65.avi,2.9597701020208952e-06,0.3356029692173235,0.34195674945598276,0.005442464324884302,0.02205918817402619,0.036629354303868565,0.0001434198138597002,6.747440294269693e-07,7.414462243129844e-07,0.3715114857707425,0.3043492758160728,0.3127686580560798,0.2875401037401093,0.011554075016163012,0.29625379646891853,0.3553793728925601,0.02541981683346832,0.036161322466792926,0.0397301331979027,0.665659744923693,0.5844262446570142,0.0012577862644796863,0.0011147513824449175,0.0003759811853215388,0.00098926172611269,0.07089124481668078,0.0013161941947499995,0.0020036561207900207,0.020180103602132883,0.0095993805897388,0.0002116993070155189,0.00018914345093183453,0.0061588733869073625,0.0011241776586162061,0.013067927740718315,0.019954166110328773,0.0693336516427855,0.023003734997110236,0.01726742827121611,0.0028007034437037897,0.00448201632798451,0.007238235993785079,0.0028794624535906158,0.04765009527884563,0.15001280861585442,0.11793936463222561,0.005236841550457395,0.0055736940498823185,0.02385944621648195,0.022299853885802485,1.741690634701348e-06,1.9106801465221763e-06
P66.avi,1.156066129027446e-06,0.1908716500350311,0.09750286309078708,0.061038714428284006,0.056237270878432985,0.12911655370120004,9.987188204073321e-05,1.2148727255441114e-06,1.130986660681786e-06,0.27054371674030847,0.17363824411473455,0.17871250464449964,0.1534046007289234,0.10664328707786853,0.25433433692366686,0.23608865919478111,0.09392500753870102,0.12489146357270317,0.14903951897002715,0.6491723247642296,0.5424838875741079,0.002966245643031433,0.011624251170210542,0.0009488585785270255,0.0005679330231226407,0.10661446975916962,0.0075084681452460425,0.0035064939972425523,0.019451889076504046,0.000980015439155578,0.0018451519803974303,0.002160628958618166,0.027212185218351743,0.01916399187643547,0.059821510739187504,0.08638067010562848,0.05604072123054282,0.006756728753957512,0.10318914015224523,0.0003422043938244042,0.004065930829757096,0.004700614714937148,0.0009539695836931012,0.00489721716591697,0.1476431371672318,0.08231330359652489,0.06345696376484777,0.027674749247765737,0.008743692411659173,0.004957241107028455,3.615008541950982e-06,1.3032858488316625e-06
P67.avi,2.638315953563713e-06,0.04424531451046387,0.03225251411270341,0.01268809768849641,0.1715711340541428,0.17328352669356437,0.0001243215234192949,1.4403106110562862e-06,8.71076477190279e-07,0.17671233885851287,0.08730070995367174,0.18473050516978878,0.14546758398051868,0.12207991524521339,0.1297763879508756,0.1084426406421926,0.11877035802610353,0.1583856512997923,0.18405820415696483,0.43470857954495745,0.4371987380103433,0.007100071685897939,0.03777684289758123,0.00034413106534870997,0.0003737360990469526,0.09387993080478015,0.003483125185806998,0.0055200752614840195,0.01920742160448534,0.00598954793606677,0.000648277655681719,0.0009048317528847138,0.01491083898564825,0.004465681124780915,0.017436753849347043,0.023368558955928424,0.037930437154252636,0.020422759410770406,0.04732113568876614,0.0005319545600186958,0.005318416441843573,0.010456651288845462,0.005930206027553673,0.030098873409343502,0.31812497787458976,0.30149415078377284,0.010918315592863664,0.017392696281270194,0.032577989028336564,0.034592554213996055,1.3272040707089993e-06,1.4749087754784006e-06
P69.avi,5.120655077022498e-07,0.0010813077098069817,0.00037413519004267246,0.3781384766177419,0.6475748555803688,0.6442868437249006,7.678032587826203e-05,1.7683397712876217e-06,5.426206970516799e-07,0.2729166837173598,0.19031996939153795,0.4118320250436958,0.40814271705779853,0.15771903584212607,0.13242832069431879,0.11519606057754592,0.14523553306887094,0.04861803624602676,0.05367661023703623,0.26046209574149104,0.2099793717447589,0.007030482960070935,0.017600573413397304,0.0007476010524118039,0.000588020876493319,0.04616217264492152,0.0033698590965130304,0.0009289182143219832,0.004548646578271171,0.0030987897783124408,0.002696356723235075,0.0026206834126246623,0.024667038927380362,0.0005321386519667404,0.06710283484311427,0.09726373292073787,0.031921372221986946,0.015449976593374841,0.09407160145313032,0.008196565287832878,0.007148253798514449,0.0050667968359582065,0.0033183356959058338,0.03506283192375306,0.05268462159741472,0.04923826335935606,0.015916456518657817,0.01537572777687372,0.042485817159507853,0.04395246100168448,1.3270155018870517e-05,1.4150564632858962e-06
P7.avi,3.1940347983829555e-06,0.08166627255750764,0.06628174981114093,0.0074069396812576896,0.06318211257924584,0.10726850125171472,0.00012106063451454893,6.855852733770022e-07,8.761686165605773e-07,0.34865289722137527,0.25809453075036815,0.24034815407827934,0.23230305615560382,0.07029849378912327,0.10938589689987896,0.12243532780697629,0.08041095730802818,0.07453356871482801,0.08075334867064057,0.6345420721504423,0.6789155095244733,0.0014828210310143832,0.0019142817169474557,0.0002636136736606671,0.0008566489910265972,0.11718149512813225,0.0014819054504723716,0.013951194338538189,0.03204964416968074,0.006619179695546178,0.000645167355021461,0.0007733606438727535,0.003233466099655798,0.0018699633581177452,0.009176219016843628,0.018381013953593667,0.18214131329258568,0.04873336724069274,0.009822472687197732,0.0007293543460791753,0.04147967526524399,0.02248741610162733,0.011576831548034714,0.006768552451644278,0.13784396366806845,0.09692613819481913,0.010153568163137795,0.008945685832954957,0.0023358173661548096,0.0023310457622764424,7.459503383284321e-07,1.6128317177125728e-06
P70.avi,3.6424331730632437e-06,0.049889160399135345,0.1028928612889395,0.023792207296177644,0.1020999006878496,0.04545596315183214,0.00029946842356059746,2.3823680829692813e-06,3.5486832402591376e-07,0.28077153790223236,0.2517634330568403,0.08590194812737456,0.06889903486657799,0.09609402742655183,0.20957008777953587,0.20799149814808565,0.10562958334224093,0.2784699092793151,0.2875563160449874,0.5684510218817003,0.6591592268995089,0.003439939901589876,0.0031096116621265454,0.0005018473710586401,0.0006670605365197617,0.11281709570074053,0.0014184919323219681,0.007963172881475493,0.00754972735286974,0.03628635936579377,0.000640651712617061,0.00040227537814961406,0.011162331113548283,0.002716964075988866,0.03596632425587906,0.0454772683468477,0.03308413325532604,0.06218830819472687,0.02012236718131764,0.004124119207483455,0.007675712788437988,0.008533992411833497,0.006982510816872791,0.025461190542214605,0.568241432078362,0.6244369148120704,0.04051366691615173,0.011194081263695654,0.12083586310972323,0.1771971354284568,9.023115194775174e-07,1.8196880659523557e-06
P71.avi,2.3844823796447157e-06,0.04640395502933173,0.014474938169307042,0.061179241093373,0.13539198331643904,0.2779582741832377,0.00018236934081062892,1.443083413435502e-06,8.201380813455864e-07,0.6019778844438128,0.40167101976732816,0.4843936973721171,0.4935086543289399,0.04432654512468083,0.2207029809114772,0.21141444727656697,0.03381733055796538,0.0394994209257254,0.047631367010907616,0.6222139778716524,0.6861057423431585,0.0008920668180058796,0.0019652588983816405,0.0005287015936473595,0.001110530782905424,0.10214778544288278,0.0016127122532862523,0.013393976420222735,0.02476069459059808,0.004866536950917803,0.00037594759447418354,0.0004504275490884029,0.0064159781618555655,0.0056074420832862674,0.033203466432611586,0.05834245346248043,0.08040394307011119,0.033190310690781655,0.05313150959408957,0.00048580707037286063,0.018731508333961918,0.014513024258832115,0.003663146690352642,0.007350113261993317,0.31671464931226184,0.2635804274792639,0.012647058125701664,0.015697955066275773,0.023732832727574756,0.01719095606369919,1.3160644382484095e-06,1.991648559527808e-06
P72.avi,1.691913398963324e-06,0.16019105047657323,0.16853464637668725,0.004719437751580612,0.040092830329793154,0.024153063117325867,4.1545030034911606e-05,4.6860529426812186e-07,2.622341698107939e-07,0.34340761018677396,0.3141395545515477,0.28618456583849766,0.29249059671347916,0.027474196250412766,0.22260138681506322,0.2593931499326448,0.06609402449917902,0.09584958323997267,0.08764557059533881,0.5442269787749398,0.5157452770668398,0.002843999010154684,0.0030155935362779123,0.0001182170440133559,0.0010042033389940019,0.038490458037309445,0.0004175993680412081,0.01423192978094429,0.004088691411284156,0.029011095547483896,0.0006102306758113488,0.0003371527938264679,0.0018185888273394932,0.00035196234181946313,0.002362836629073315,0.002162638768739159,0.07560428103333,0.053736345147952135,0.1018367607009233,0.03645064253806677,0.04370575256228719,0.01885087614164615,0.01571528410685677,0.007606095354112954,0.04362439583170983,0.038029799226599784,0.006073645584588722,0.0010684950332165914,0.0017416955105121579,0.0021396587157572664,5.40393495643347e-07,7.369199658940679e-07
P73.avi,1.1786077277152757e-06,0.06686437032775817,0.02337921138992573,0.04108404797957628,0.05567620076966909,0.16451466161462888,0.00022239292789504942,5.306979245754457e-07,2.941485641500511e-07,0.35833625858317486,0.47978402308827306,0.48397678328003746,0.4950251591938886,0.05921538108418759,0.18649112157876954,0.19378617484210628,0.05941349377495399,0.026399599372469492,0.01662758204991511,0.6279745992843927,0.4250695216679511,0.002163212572175832,0.0007679096848538122,0.00047423165614851,0.008423329009679893,0.14003423853540614,0.0002874661186849473,0.008261338580551067,0.007550544521336003,0.017238644406854155,0.0002346153520628502,0.00016582540072599205,0.013443186838525925,0.004800663531182466,0.03605348979789192,0.048359293659828204,0.052176927101907244,0.04985242184012536,0.06424192443968012,0.001006207287699173,0.008343395447345447,0.010258187265552592,0.0018192292715559035,0.015466566802603011,0.1342351325793597,0.12030731013632351,0.008274301069439894,0.0036850397459234356,0.012223427189724523,0.016236061507327957,1.4396907869150963e-06,1.5884401327384709e-06
P74.avi,4.526768973476246e-06,0.1663905793102693,0.04216311961508471,0.007186819525453303,0.03516960290068019,0.2026011129480342,5.877981520904278e-05,1.521661715942681e-06,1.5721911067325623e-06,0.4401320934439888,0.13948992277655384,0.3362223371468224,0.14316043849081556,0.05913685320392684,0.26287935363457393,0.2673646938380186,0.07061465066591611,0.10401788875170231,0.24568932456064674,0.45433320608091443,0.6420320554182495,0.0013748661751558778,0.014442196815352783,0.0003456077052420491,0.0004410225301266846,0.02180957780446858,0.0015694882025826284,0.0035143404132250847,0.052368589272573485,0.009672936766281053,0.0005352530728963387,0.0004954517176165125,0.0017299151148166972,0.05608946386640715,0.009354451677944988,0.011908885308733247,0.25503497477301573,0.08774601357866377,0.004395871644967328,0.0001243392579677235,0.026821456969793406,0.014563498756797381,0.0057633463805081275,0.00532501418403667,0.2570752316598489,0.1619188512679493,0.034591581708228805,0.011486402733520622,0.004229305412529938,0.0026693319160645606,1.32903222594555e-06,1.0334229343753577e-06
P76.avi,1.163026119575704e-06,0.0017044911692909843,0.0006181781424611223,0.2773786692518508,0.5794614999701351,0.7132414462262501,0.00014426468268106786,2.7279435452849843e-06,1.1905380660347509e-06,0.4042362065539466,0.24834919014315526,0.47653938978101634,0.4468740009985826,0.035086250043402996,0.23813558574439944,0.2317516786656243,0.03171496830624097,0.01617304319296895,0.027587522250606997,0.2605267979262937,0.4443450799835715,0.001959537469243087,0.00920538688324214,0.0007916014801373734,0.0002724466946836687,0.013974101971712841,0.0014060928363793003,0.00043413995248879514,0.01091304628729257,0.0023703206778794396,0.0014526398181404008,0.001451837040360853,0.018773060397956443,0.02051038781514199,0.03678253286364534,0.054735107822468085,0.027004539313475455,0.017997203567312103,0.030153650764304114,0.00010104633851705161,0.0018810376277078053,0.002651717709545461,0.003046864365227878,0.042812343212014055,0.5240787361837795,0.4491525268312211,0.05718781111792893,0.053345280295709174,0.10027989202383605,0.08307710101367623,6.414283321415069e-06,2.590317079231171e-06
P77.avi,2.284759762410103e-06,0.09184953127581703,0.10351227906216838,0.019419946138338338,0.11445989220894576,0.10765448732024903,7.538362151205015e-05,1.1586407574134e-06,6.162403764383159e-07,0.3055347508863905,0.1740399132075029,0.25258387418209466,0.23648111705722663,0.014563638893261956,0.5143430736246515,0.5054917256737108,0.019768919087425747,0.10094299376025692,0.1208451185382701,0.43318363890956235,0.531920727437819,0.007389094168431114,0.017154223774872038,0.00020947899463346408,0.001028382230426897,0.12136072471669918,0.004401186602872721,0.00404820215038696,0.0036102942946060045,0.010860103055355978,0.000835605932225734,0.0007827579972691051,0.012263400770933271,0.001296207822371143,0.017927966746030113,0.018816374484742205,0.0280704777084548,0.034463061279254775,0.14840354290209612,0.006821197106776518,0.01897233143479858,0.010254225023884216,0.009238717347538759,0.04148754999731784,0.03479842753252886,0.03478309715972079,0.002592062443686742,0.003848608474263651,0.014082196724759216,0.016574710983591614,1.6585564954918785e-06,1.3992767045112114e-06
P78.avi,8.849171954989103e-07,0.03893277822539369,0.02287884114596343,0.04650307789432644,0.061864839161252204,0.09559078276852565,0.00014872010479132752,1.304227552193664e-06,5.030439477432096e-07,0.44190819312952473,0.2996408912283321,0.3643871251833729,0.3376976685810071,0.16317598131582337,0.17200416800382776,0.164917424679441,0.1606650178741147,0.04242203698590829,0.05416364664992064,0.5606083744498344,0.6262795583471565,0.0016097819928621068,0.0032120805715553607,0.0007214189772314968,0.0008295873924293614,0.10587412841114145,0.0023185895983670254,0.005127156481058143,0.019524683925508792,0.010931493863034814,7.412656161221833e-05,7.797673428908029e-05,0.021792005657929582,0.0012470546400037952,0.06841390639574585,0.10147326318747256,0.050764078333781194,0.024005961311058026,0.09096346391203415,0.004771458376560149,0.005667757058938121,0.007437632617641724,0.001139865395056677,0.0061719477220528625,0.2715821730991923,0.25364435369502364,0.012802479231453908,0.007137844685810993,0.03906298875358987,0.029932124037900607,1.6506117765137258e-06,1.7076486171388726e-06
P79.avi,1.1773736108802264e-06,0.0039885585693699,0.002499554028872803,0.4682138001379242,0.49399494978220243,0.46071347057701695,0.00023281093899343906,3.576550237538724e-06,1.081884224318002e-06,0.3225485542021361,0.20992489567757103,0.34343417840807977,0.3164159642668571,0.061623576474770535,0.28331910836175506,0.2818981857923904,0.058598867144024055,0.06388714451656781,0.07466039871880138,0.36392633633959004,0.4321780793991826,0.005156527612762046,0.015418605840973085,0.0016556284908481958,0.0005239245789605523,0.02220495088299785,0.0010681293488887125,0.00037945237085173903,0.00649548120577559,0.019526709869085643,0.0058802387168623215,0.005034894008592596,0.019317356828868083,0.0013776415967947664,0.1359774737918969,0.1734689622016734,0.03060052648865659,0.04243478444642824,0.03382050708169747,0.005996635832685985,0.0034143403071489483,0.0028085845638109144,0.010036218286970447,0.04945997528274523,0.49681361898135173,0.5238550205157951,0.07237848370739822,0.05693299431641772,0.2323808784537504,0.28898586543359334,8.331673116033903e-06,2.3059349055040787e-06
P8.avi,1.1401048188519472e-06,0.008961675529793345,0.004964461231529241,0.14342434225285022,0.24013157918207192,0.36888435616482235,0.00014846165731099165,1.3976566227134035e-06,5.384614727044399e-07,0.2688898846989703,0.20247467356673648,0.27743870692497713,0.27525897566471735,0.061392647741729325,0.26680232535256077,0.25271591196883375,0.06296225082610084,0.11183021257145305,0.11727197876303642,0.300180570218689,0.25493649033743254,0.006101470937684934,0.02566898937031287,0.000495492140164325,0.00044223965709560756,0.12674413192731557,0.008086492044184,0.0022262643413298784,0.007938759350767727,0.009949259141362528,0.00032485788188883736,0.00024918800818811524,0.018239849697835504,0.0005991385775476503,0.06165182425870372,0.06202884164232179,0.06901145645559459,0.019318897652340277,0.031978745984534394,0.0068307111229751,0.0019165540198931579,0.00518251219980549,0.002127755936404437,0.04323761756727038,0.15406325518070008,0.1084573253427436,0.03364484839039387,0.0070164756262831255,0.022448646350944713,0.024251148777338177,4.399141117658182e-06,1.4795597533517908e-06
P80.avi,1.6405279555155973e-06,0.11675229946169154,0.12281618121078401,0.012413076661088006,0.09207606209207607,0.10993982542627068,0.00013594617087796316,5.589160696625866e-07,6.268051378777274e-07,0.33729878692044485,0.21892549547721177,0.23020728658740852,0.21875168829947284,0.026432475656728353,0.27841745215640307,0.28313824254625536,0.03528779500103853,0.12651450257742844,0.13568043539990524,0.545183185314549,0.5852711236438588,0.003224225503659434,0.008221817834278564,0.0004060903408149504,0.00250748310376181,0.0815954688488753,0.0009768910662733632,0.007905127961087187,0.01454175549454937,0.022116498212635952,0.0013505526456215583,0.0012163609346636192,0.0031598773380342995,0.004962296219908505,0.026018510688150944,0.03275046691466991,0.12247399670258519,0.06860610758602961,0.03595652127180304,0.0016930055451651249,0.01922301292328699,0.022390616662393146,0.0049328767037335654,0.008213138621364599,0.11301053460019236,0.08989397652171575,0.016880696232208794,0.0047968323081944665,0.006890119955802237,0.007126414771670101,8.69596598652117e-07,1.1409916419609392e-06
